,Полное имя пользователя,Дата первого появления,Месяц первого появления
0,0013cbbe04f4ef7e3b68427130879265,2023-01-10 15:21:00,2023-01
1,005b103b8dab7a44c8fa0032dd3ce71e,2023-02-12 12:30:00,2023-02
2,009811d0356ea306907acb74f86132b4,2023-01-05 10:58:00,2023-01
3,009844f1c773a4576914819aeb9aadc3,2023-02-06 16:31:00,2023-02
4,00c8ab9c7d42d289a27de525176419bf,2023-01-09 11:52:00,2023-01
5,0138684324a0388933d3b0d24734e077,2024-02-20 14:51:00,2024-02
6,019e14bce362478d9ab8b4d9a83c0b58,2023-11-13 08:44:00,2023-11
7,01f1c1f2becf4e90f859eec2134ed29a,2023-03-26 19:39:00,2023-03
8,02a096fc71ce18cdcf521540037836d5,2023-05-10 10:07:00,2023-05
9,02bb2834c91f1255f5c1f6371957b3d5,2023-01-10 20:53:00,2023-01
10,02d3af3285dd1e7f6d6671d71b3195fc,2023-10-17 19:46:00,2023-10
11,032f428cc092d623af4d941bd07e0898,2023-01-10 17:34:00,2023-01
12,037411d754fba3ea4b68f569a63e0767,2023-02-11 10:15:00,2023-02
13,053520c57d2697f4e8ba6bb133c3ebe1,2023-02-12 15:39:00,2023-02
14,054c4288399cc841bda2e61e4cb88814,2023-04-07 09:19:00,2023-04
15,058c0bc59705af5d4307ad2083bf012f,2023-03-11 10:04:00,2023-03
16,06168a0f29c42051200ae80f2623fa73,2023-01-08 14:41:00,2023-01
17,0617bf90c1522bda75e76d9ba017c9ec,2023-02-27 12:27:00,2023-02
18,0627abacf974346332d1863a17761e58,2023-09-20 21:24:00,2023-09
19,0637fa48daa25080fe511cd42f301d68,2023-01-12 19:37:00,2023-01
20,06a5288b44b8327150112cb46b925095,2023-05-21 21:45:00,2023-05
21,079bc8b666837931093af5df5c52d683,2023-01-11 17:45:00,2023-01
22,089b57ca89e85f27e7ca54e112375434,2023-02-06 08:26:00,2023-02
23,0934e85b9f23772891655d08557ff087,2023-11-23 18:50:00,2023-11
24,0969d0ed9708d002d50916e30a2ac977,2023-01-10 15:35:00,2023-01
25,09770387c0f954029b3b1a0d091bf06a,2023-01-10 13:19:00,2023-01
26,0a1b8a307ec91a937c0a38c998216cda,2023-01-05 12:33:00,2023-01
27,0a65dd874bdf5f86cee3b0f78d16003f,2023-01-09 16:34:00,2023-01
28,0a7c4b88ddda2c33221a795e53b1b592,2023-02-04 12:18:00,2023-02
29,0acca8779a2d2125a30653dbbedf39af,2023-11-23 11:29:00,2023-11
30,0ae33d85fd9d9e5e371842d1f1f29722,2023-03-05 02:44:00,2023-03
31,0ae90c3d7fc2a10cd10a7a6d45541a97,2023-08-23 13:33:00,2023-08
32,0b0f5ee22f12a305af53b7d5e8086b7b,2023-02-13 11:42:00,2023-02
33,0b1453a27f57695609bfee25897078ed,2023-04-12 22:30:00,2023-04
34,0b24df10ef27d56a8c152705b26f0833,2023-01-11 17:33:00,2023-01
35,0c9cd6214af3c58cf3ffb427d4f355ce,2023-01-11 08:48:00,2023-01
36,0ce9ba0409cf24dad12b9750992a516f,2023-03-07 15:29:00,2023-03
37,0d4c0b2af79b42169d26ccd5f22ad706,2023-01-05 20:30:00,2023-01
38,0d6db36231abfd7daefe0eb4b63138ca,2023-01-03 19:27:00,2023-01
39,0d73d2254206cf2b68febf1b0114c6b7,2023-01-07 09:12:00,2023-01
40,0ddb98bc7ded8ee1d678df916da1c8e5,2023-01-07 15:27:00,2023-01
41,0e52ec9e4abab8c38175ff0fd8161438,2023-01-12 18:56:00,2023-01
42,0e67565e30e552071c039f4b26ae1958,2023-03-05 12:59:00,2023-03
43,0ed22e94b644a9be0ee74b7c4223d297,2023-03-27 21:36:00,2023-03
44,0ee01082b9ebabc35b2b9cace61c06c4,2023-03-27 18:13:00,2023-03
45,0f0dc8dda51c8fb3c7ed1ecebb93760d,2023-11-14 18:23:00,2023-11
46,0f285c2626e8eb780df72dae90950664,2023-03-12 16:03:00,2023-03
47,0fa292cc10fbecc73d75281f36d1a1b5,2023-02-12 11:09:00,2023-02
48,0fcda97e75e0ff02951a6303b0343d12,2023-03-06 21:01:00,2023-03
49,0fe987694866119433d01d907694963d,2023-02-10 09:37:00,2023-02
50,105bf39b1d12bfe30ce276784aea1857,2023-01-06 21:48:00,2023-01
51,106bb843fdb2124f74397a7e289c329c,2023-04-12 16:21:00,2023-04
52,109d3c8a00ee640e7f236700edb43c39,2023-11-22 23:54:00,2023-11
53,10cb5afdd971443e5aee9fe9524b1867,2023-01-12 22:30:00,2023-01
54,1131a1c30be5020c8659adbd62f717c5,2023-08-12 10:43:00,2023-08
55,1218a1224a57b790531c548971b871c5,2023-02-16 09:27:00,2023-02
56,12af9f252108b8dbbba5036fb2f36d40,2023-01-11 23:12:00,2023-01
57,133bf97b7596ac9ce79e97b9318ce8fc,2023-01-12 22:54:00,2023-01
58,13aba5935942702f83f03532ec812e5f,2023-02-12 14:14:00,2023-02
59,1428eb0ce32d5393ee977996660f6168,2023-11-17 17:01:00,2023-11
60,144237a10403b8bbdc925b0f0e2f3d82,2023-01-10 17:07:00,2023-01
61,150afb04982d07ef376fdef02959ad6f,2023-03-13 17:02:00,2023-03
62,155390335be2e7ddcae8b9f19d1c5041,2023-01-12 21:55:00,2023-01
63,15614e686f389ff10a6249f66d77d18e,2023-05-07 01:29:00,2023-05
64,15d0d055e4a33d3917d4447a6333a0e8,2023-02-11 20:50:00,2023-02
65,15dd3a6c37783500a986d401dcc597ce,2023-03-17 19:14:00,2023-03
66,15ef6e3778896902873b70dfc6a1bb7f,2023-04-24 14:37:00,2023-04
67,15ff933209f7f1665e5dce16bba947f9,2023-11-19 17:59:00,2023-11
68,164f2a671b54fed0e3b67e5193160875,2023-01-03 10:41:00,2023-01
69,1653ed6b8bee2a24ab4d3cd94336eb9d,2023-10-20 16:36:00,2023-10
70,16a31c10bdabfc1c7c9df44b108ad6e1,2023-01-04 00:03:00,2023-01
71,1718a9ce0e0eb97b3144abf70c7cdabb,2023-01-07 19:27:00,2023-01
72,172345231a102af5322f1d6f428ffea5,2023-02-21 22:14:00,2023-02
73,177c1e92b2a57b299407588d5cb37f7f,2023-02-03 10:47:00,2023-02
74,17d95687dbc2f66be13dd683c095c9ec,2023-04-10 14:19:00,2023-04
75,19d059036b6ccd0abcae349f3f46f434,2023-02-09 22:27:00,2023-02
76,1a1f5eb72ad59e78a0dcff4e5ecc1f4a,2023-01-08 19:53:00,2023-01
77,1ad43e492a80a195c15b1f63c80e78b3,2023-01-10 18:37:00,2023-01
78,1b0e56f83ec2d86359198093ce900215,2023-03-16 09:47:00,2023-03
79,1b2cd82dbb8544d0919ebcefc4c7b29b,2023-01-06 08:05:00,2023-01
80,1b6964e653ab0f9c934e69cd66f4ef9d,2023-02-17 23:09:00,2023-02
81,1b7492031ef920977cd61a3d4bccf8f0,2023-01-06 21:28:00,2023-01
82,1bb67cc49246239316202acff3676fd6,2023-10-18 16:31:00,2023-10
83,1c86ac66268473c48b6deb23f5de6ce7,2023-05-12 22:07:00,2023-05
84,1ca88a7b0c27c7f68f7c7faefb253586,2023-11-21 14:22:00,2023-11
85,1d7ec099d711bbf990475451249814fb,2023-01-12 16:43:00,2023-01
86,1da9baea8af259aa8a42d4cd85fd320a,2023-03-16 18:32:00,2023-03
87,1dd1cbc95fe36dbaaf2a543adcf331af,2023-02-13 13:12:00,2023-02
88,200e7d97b962f1108e4b902694c7561a,2023-03-28 19:09:00,2023-03
89,210c6a3c062e0a54457d6165bbb3f6b8,2023-01-07 12:29:00,2023-01
90,216150dfdb3bebb8c4f768aad18135b0,2023-02-19 13:46:00,2023-02
91,21919cf6e5581f1e731ff8f19d496ec4,2023-02-05 01:11:00,2023-02
92,21ef9fef1937ab3dac0f8be4c75ed818,2023-02-25 02:06:00,2023-02
93,21f3cc73d4f945f95590fb4afde9da5d,2023-01-05 10:51:00,2023-01
94,21fd2b964b87efe5e964df122e5f7f67,2023-11-18 00:18:00,2023-11
95,2235cdb9fe051b42629bc0e1f7f5b654,2023-02-28 09:50:00,2023-02
96,2240214e8711898f316747b0db1c759b,2023-02-12 12:45:00,2023-02
97,22438def43ded6b3d1ebf4afe4fdb0ac,2023-06-12 15:19:00,2023-06
98,227a794cbf7eadfd4be2794c967b90b4,2023-02-04 16:59:00,2023-02
99,227fcfdaf0313fb636c507127a8b6af5,2023-04-06 15:45:00,2023-04
100,228ec59b71def53dd53587dd909e2df8,2023-08-09 21:37:00,2023-08
101,22adcf417bcee4e492d225e029474d8a,2023-02-14 15:34:00,2023-02
102,22db025aa4d64eefd02d7ee9426fcd7b,2023-02-14 13:43:00,2023-02
103,234a0b5e8c60e5f36db603bdc53cad00,2023-11-23 13:26:00,2023-11
104,2350b3ff2762aafe31918d5b0fef89be,2023-02-13 11:21:00,2023-02
105,243724dde0a4f6db82ef96ad0048e762,2023-02-11 22:23:00,2023-02
106,2437f9139d58dede4e20fd3a75ed5051,2023-05-04 00:18:00,2023-05
107,245d253a1555056ebeb643860ec002ce,2023-09-14 09:53:00,2023-09
108,24b701ad5b4a4120d07133f4d4eb5e8c,2023-03-17 19:02:00,2023-03
109,253c13b380ce9b3e52898f9b0776df80,2023-01-03 14:16:00,2023-01
110,26c38babf6c9997551e55128be8c5b8b,2023-04-12 23:02:00,2023-04
111,276bcc1e5b463a64bcf0fb3417b43218,2023-09-19 19:30:00,2023-09
112,27fdf7ca29b3e9a5f8d2f577fb546fb4,2023-03-21 21:29:00,2023-03
113,283356396b3cd7c970bd4c786992e0bd,2023-01-07 01:15:00,2023-01
114,287786bef04368c57df9c998e145bfbb,2023-02-03 13:02:00,2023-02
115,287a76453ae24fdf77e710f1b7a72592,2023-04-24 19:07:00,2023-04
116,28e869d034380f7a17fbca83615b842b,2023-05-15 11:48:00,2023-05
117,291c822e95d4feb1b41f9fd8fb4094be,2023-01-12 12:07:00,2023-01
118,29235fdfe5e89f13220f65d74b31e9be,2023-02-11 10:24:00,2023-02
119,292d95b2839e9cd43ef9434404150145,2023-04-28 20:23:00,2023-04
120,29563efaf3463995476972c14cab0dba,2023-11-14 13:18:00,2023-11
121,2a03fbfb736f557591b155bcfd9e0939,2023-02-25 15:00:00,2023-02
122,2a90d4903d68bc3e52a50b68b8ce4bf0,2023-01-09 21:21:00,2023-01
123,2b833142650df24c10b74f9dfeb06e17,2023-04-05 22:40:00,2023-04
124,2cae689c3ae8fd439b1db827310cc0e0,2023-06-22 11:16:00,2023-06
125,2cc84e4d0507ab4995fab90cc5636c75,2023-01-06 10:17:00,2023-01
126,2d47db7e5ed6b2eeeeda2a6ad535f300,2023-01-07 16:42:00,2023-01
127,2d6c6b2bca451dd2acac5979e0b194eb,2023-01-08 16:28:00,2023-01
128,2edbeb08337352e9eeaa0dab8339d31d,2023-02-26 22:47:00,2023-02
129,2eee099bdd7affb138f092cf96a2a4d1,2023-02-14 12:24:00,2023-02
130,2f61e0560dac916199d200d680621afb,2023-02-11 23:57:00,2023-02
131,2f78fca5bd1e3078b222f9b20d966d1d,2023-01-08 09:43:00,2023-01
132,2f877dadea4e5dce6c12a83525358dcf,2023-02-15 21:11:00,2023-02
133,2f9f9201173723b3339089a46ef239cb,2023-09-02 10:49:00,2023-09
134,2fe7f2dd0362a97a4741151684f0854c,2023-01-11 14:47:00,2023-01
135,302057ae76bac1d39a370718be8760b7,2023-01-12 14:17:00,2023-01
136,303837bc5e998caad8ba33b69de15ce3,2023-10-15 14:34:00,2023-10
137,303c8cbae8757cd8ccb11af4576e93ae,2023-02-20 22:39:00,2023-02
138,303febad8e136167c1d363d007bf1929,2023-10-26 00:10:00,2023-10
139,307aa913070e674383dbda876158226a,2023-01-05 10:26:00,2023-01
140,30c0052fd8e1fa33a195317d332ca053,2023-11-16 21:26:00,2023-11
141,30f6ad7a7fc02df960881fd1ebe3e4d1,2023-01-03 15:25:00,2023-01
142,315dd35ecf6ca612637d5b3ac61ffa48,2023-02-07 20:56:00,2023-02
143,31da86ab3541805e94736fdd38eacecb,2023-10-16 14:15:00,2023-10
144,31df0941b6812447ca5a6ef8502f3bdf,2023-11-24 23:28:00,2023-11
145,31edc31e604c891fa8a857dc0a6c594f,2023-11-17 23:15:00,2023-11
146,31fca48424092c95c10a0a086ffdf4e0,2023-01-11 15:00:00,2023-01
147,3271b8d648917647a2fe2c02bd461cfc,2023-03-14 09:58:00,2023-03
148,3272b5769df9b7a0cdcfc55bc5ca038a,2023-01-07 00:58:00,2023-01
149,329d27ad1ec6006b07535748c7e98928,2023-06-11 19:20:00,2023-06
150,32c4a2778386cc8a94c61264c525a984,2023-01-07 23:28:00,2023-01
151,333925f328aa2adff280e2d2f09e58ed,2023-02-05 10:42:00,2023-02
152,33c44e7b9ddf79d4226bf146f36fff4b,2023-04-12 19:40:00,2023-04
153,33e13f03ed9f8d566cad1e83a4389bf8,2023-11-19 12:26:00,2023-11
154,340eb0e5027e5201f89f866b1410a78f,2023-03-26 09:52:00,2023-03
155,346520a08fa3a3ea4f5595052455360c,2023-02-05 16:12:00,2023-02
156,34ddff8645783c7b5b4c3f7bece6e830,2023-05-05 08:05:00,2023-05
157,357718f613532f06bcc17ca85060353c,2023-01-08 15:00:00,2023-01
158,358b987376f8fdae7e76dcb73c0829a7,2023-11-05 13:41:00,2023-11
159,35ad7f0e01d0f13e245960833a0e3259,2023-11-26 20:12:00,2023-11
160,35c2dc9e5e1f35676f4de82d267f1178,2023-02-22 12:16:00,2023-02
161,362f218e3e5c6754e57f67634d4ca582,2023-04-25 13:36:00,2023-04
162,3645c593654567d475e8ff267ce80b6b,2023-02-17 00:14:00,2023-02
163,3648f2d5e050c86e03d1251de7ac8e2d,2023-04-28 12:06:00,2023-04
164,365777690246119e1551b1d705a6247e,2023-01-04 14:15:00,2023-01
165,36650dfd3d63500485e9988d56acabaa,2023-02-03 13:17:00,2023-02
166,36a748c265e49f789fad3ab73d396aa0,2023-02-17 13:51:00,2023-02
167,36bdb78096fba388740748df8f5fd3c6,2023-02-14 16:44:00,2023-02
168,378deb7fec82bff547f69fe9a3d0a4ae,2023-02-04 21:27:00,2023-02
169,380ab17acca34f54ff15a4508dce6f9d,2023-08-12 19:36:00,2023-08
170,3912da5756342cf8bc3ef234c5b9a344,2023-07-12 07:37:00,2023-07
171,392c903fbe41a1662f0595ff56dd5948,2023-02-19 13:21:00,2023-02
172,398e33877ebcd3549662238e655556eb,2023-06-29 21:15:00,2023-06
173,3a371e0ee7966cd871116a9eab57d956,2023-02-10 21:26:00,2023-02
174,3a5152a8b7ed0e6100688ad39bf41f77,2023-11-13 08:27:00,2023-11
175,3a9923b2b419069ca96aaf1e31cd0c1f,2023-01-10 15:13:00,2023-01
176,3aba9fa5a7e122ed8b9f86a57eac9c9e,2023-02-04 09:24:00,2023-02
177,3af9b29f6b9e62352edf995a07ab9c14,2023-11-27 19:13:00,2023-11
178,3b8b6907b05e51d5d948396f69110626,2023-01-12 09:50:00,2023-01
179,3be7d1d89d4360587db8bb49719f24b0,2023-02-16 12:03:00,2023-02
180,3cf7f6b2d13c50aadbfe124902e8bf82,2023-01-05 13:24:00,2023-01
181,3d0ec75caefe8deab5bfe48dea40c6a0,2023-11-28 01:24:00,2023-11
182,3d4ebfd92a7d31014828edae7194d3cb,2023-01-07 13:55:00,2023-01
183,3d8d8f9f2858cb28c2fbfb461130fd27,2023-06-30 12:13:00,2023-06
184,3e43b2835fcd493bcf3691c89b71329c,2023-02-20 01:18:00,2023-02
185,3e72b5e10078f2637b712c877b26abf9,2023-03-31 10:30:00,2023-03
186,3ecf904e280e88070d5bbd95b6469574,2023-02-11 14:46:00,2023-02
187,3f96e8e160f42ea905efa5c53a23fea8,2023-02-13 11:28:00,2023-02
188,40c4b677647e7f8416f5bc1815d5a1c2,2023-01-06 20:09:00,2023-01
189,40ccfe2e775e6a1e74c67ab2cd5a5ffd,2023-02-05 15:16:00,2023-02
190,40d1bc2145f17bfcdf383ef0db2e0604,2023-11-23 13:03:00,2023-11
191,41c83f761c0ce474a0d8c7511e3aa26a,2023-03-22 18:44:00,2023-03
192,4209667c4d539954d38ef24793a83a1a,2023-03-05 15:57:00,2023-03
193,424e89a8dcc412ba2810ce4ab8b333ea,2023-06-03 14:39:00,2023-06
194,428b9696d79634f78c7d3cebb6b08e52,2023-04-12 14:11:00,2023-04
195,43bde25ddb08ce5efadc8e2b25aa5305,2023-04-27 11:29:00,2023-04
196,43c6097d59ee1c25c516c1db4b320995,2023-02-24 14:51:00,2023-02
197,43dd524bd169e466129f606fe1305601,2023-01-12 13:03:00,2023-01
198,4402ab27015c2719d6b6ab0126b72295,2023-01-03 23:11:00,2023-01
199,441499bb615bbb76b8184e019bcf6f2d,2023-01-03 13:51:00,2023-01
200,44418fc0dca60119ee9f6541e30e87a0,2023-02-26 21:22:00,2023-02
201,44c142c261b571165413fcf577e78a21,2023-06-19 17:26:00,2023-06
202,44cdb53535d6cd2128f398d54a36dceb,2023-03-26 19:29:00,2023-03
203,4535c89f312eecf8a1aa9b91d17f76f0,2023-11-17 01:24:00,2023-11
204,454cf60d4a90f7c980a03ddd73ff090b,2023-01-06 00:37:00,2023-01
205,463d86a2ec1521e4ec36b7203427b9af,2023-02-10 20:07:00,2023-02
206,464711e763c5261687c16283b454ed20,2023-02-04 12:16:00,2023-02
207,46dd7811bd4eb9b7ad1256fdb0999ebf,2023-02-10 20:09:00,2023-02
208,4758f04ed91e11054aedb6e43687e15e,2023-01-11 12:21:00,2023-01
209,479e231e1304da736e3ee1c234ce21cf,2023-01-05 10:03:00,2023-01
210,47def5c9de5ec94b79cf5bf945aa5767,2023-08-11 19:18:00,2023-08
211,47e4ff972e88257d9de70696fdada9a9,2023-10-19 11:12:00,2023-10
212,48290a4a8e32d460014c4e81c1608fe1,2023-01-05 00:09:00,2023-01
213,487d79c251cb071a77a9a2737b27af83,2023-02-15 14:29:00,2023-02
214,48fb72065c3a185d5ad33f8de27acc42,2023-11-27 11:47:00,2023-11
215,490d4dd752dab646e62192d6061f3529,2023-11-19 23:29:00,2023-11
216,49c428abde362ce54bd0e9fe42c1d0a5,2023-01-05 14:59:00,2023-01
217,4a1975a04c124705b9b676bdcfedbb05,2023-01-07 10:57:00,2023-01
218,4a37824ebdc50f5cb7ec1403a78ab00f,2023-01-11 21:31:00,2023-01
219,4a50f5356bb0b76524888bcee8095854,2023-04-05 15:40:00,2023-04
220,4a8a4f235aa4fbc0492d87e9eafd8268,2023-09-09 17:05:00,2023-09
221,4ae2e3c348a9cf27034a99eacffe7773,2023-05-11 13:10:00,2023-05
222,4b495a4551f9189c48caac1e6c0d5f59,2023-04-03 16:11:00,2023-04
223,4baf1bf980beaffcf6c4d307a38228ed,2023-01-07 19:43:00,2023-01
224,4bde2bd261ae4edf08829d4b9e378572,2023-02-26 20:24:00,2023-02
225,4cb258e082de1024a8b10c941201c3ec,2023-10-18 16:41:00,2023-10
226,4ce20d3e6d882313dc30e5489110c728,2023-02-03 11:53:00,2023-02
227,4d56e6b790da28f211b4f400a14976e2,2023-02-03 20:30:00,2023-02
228,4d9195ac627193d234f4a08b08626e3b,2024-02-16 15:08:00,2024-02
229,4da09b8ecad7d1493d1fdb4785ce9090,2023-01-11 12:29:00,2023-01
230,4e175228726a1979546ab71937cb2e22,2023-01-12 13:35:00,2023-01
231,4e91e054e1537b86d52ce2552ca01d0b,2023-02-12 21:22:00,2023-02
232,4ebe2e3d21eb3a7f5440c1da89925b06,2023-01-05 10:25:00,2023-01
233,4f2b796c9b1085025cc1f43a6ebd54ba,2023-01-08 12:45:00,2023-01
234,4f5cc7c628d59de55bb10aef9da780cb,2023-01-10 14:53:00,2023-01
235,50961fff817b5f0514ba2eb41ad48d75,2023-01-10 11:05:00,2023-01
236,50ae9da10dc58bb26ea0c95a881565b0,2023-03-21 03:09:00,2023-03
237,50bfca0142b3e7bb4797ac8f7c51fdd7,2023-11-15 15:58:00,2023-11
238,50c28ddebacab5dcd958abfcdc73059f,2023-04-23 20:24:00,2023-04
239,50e2d9c6024c53ab51ad08a40171ab3e,2023-05-21 16:40:00,2023-05
240,51352f4f0598a47517442f05127cdf3a,2023-05-12 12:06:00,2023-05
241,51af3c4806900e2441861a4f3070af47,2023-01-04 20:21:00,2023-01
242,5329bdf3acf5888c0d2e46b968e3b61b,2023-03-21 17:51:00,2023-03
243,5391840cff9754eca2f3ba3c02092d7c,2023-02-04 22:02:00,2023-02
244,539ce4d17b9fe7c157d3229dda0ed557,2023-06-14 20:43:00,2023-06
245,53bc9e17eb23deb9e2f2b8526b39d501,2023-06-26 00:39:00,2023-06
246,5417115cb688936dad52b6c4a0921d25,2023-01-10 21:47:00,2023-01
247,541c3b2b97329f219de3b314eb8d1d15,2023-01-04 16:03:00,2023-01
248,545035e4e17235751454e1c617d1d611,2023-09-26 14:17:00,2023-09
249,54aa37c74250de1a9a1d9125b52229d2,2023-02-14 13:14:00,2023-02
250,558068ad2136ae71bae1c2317bcc9b4e,2023-06-09 14:09:00,2023-06
251,57761b89e8af97a9f78209c101228a51,2023-03-07 14:52:00,2023-03
252,58771267236b6ddc866e1994645ebc03,2023-11-29 18:10:00,2023-11
253,5887d5e16159718bd9929f29e969936c,2023-02-03 13:53:00,2023-02
254,59211708aad3673d6dc4568375339dd3,2023-02-14 21:17:00,2023-02
255,592f033d2620df3013a605dc25f8de94,2023-10-25 14:04:00,2023-10
256,5a907db4b5b0ed457c716193d01fba0c,2023-01-06 23:17:00,2023-01
257,5b84275e6e94a62d1d62abe7bebe14ee,2023-01-05 15:22:00,2023-01
258,5ba6e7d4cf1c854d71eefb98e05f03fd,2023-01-12 08:18:00,2023-01
259,5c22aac2ef945b7e9c1cde4af1ce015a,2023-01-12 19:48:00,2023-01
260,5cab69a19dc377f9129025e625c2842e,2023-01-04 12:08:00,2023-01
261,5d01b7b93f63c2e500da3bd7ab892983,2023-02-13 16:11:00,2023-02
262,5d4bd472a85d1abaca0b6e233b9fa1fc,2023-02-16 15:46:00,2023-02
263,5d87eabcf28cf92d90ba56b9d0cd5725,2023-02-13 08:30:00,2023-02
264,5e79e62ee5b48695340b0a3e3acb87b8,2023-11-29 11:06:00,2023-11
265,5ec70939873c1080ab9d073efd34d3da,2023-01-07 00:12:00,2023-01
266,5f0cd7e40f51b9e9abd32a8aee8ef464,2023-04-05 15:48:00,2023-04
267,5f290fee34a8b0d8eb2bd1ef915b4302,2023-01-04 10:53:00,2023-01
268,5f4df3ae5dc8ede14101e81043529810,2023-06-11 11:18:00,2023-06
269,5fe05571b6ba692ec4570574fed2dad5,2023-04-16 15:49:00,2023-04
270,5fe6aeda826075e6bc98d0f587f5b9c5,2023-02-10 21:56:00,2023-02
271,6122269adcf403454ec002e0760b352a,2023-01-08 10:42:00,2023-01
272,617636e29e07c1624cef9435452c6136,2023-06-12 11:47:00,2023-06
273,619bd41f28fcef53fdff54d65c7e71b7,2023-05-29 17:00:00,2023-05
274,61eca249cbcbbf724d6781feb7d6cee4,2023-03-10 15:42:00,2023-03
275,6216d4cfec5e0d30b3ce449de762821e,2023-02-03 12:20:00,2023-02
276,62384e159850d3170c3a721c6a3051b6,2023-10-19 20:32:00,2023-10
277,6306012b325e870d55263e7025f2f118,2023-11-22 21:56:00,2023-11
278,63431ec225b3284700b96e8cd1c6aee3,2023-10-19 14:00:00,2023-10
279,63b0e40b1e181825761f7a243e2a2121,2023-01-03 00:44:00,2023-01
280,642b5eab0562f345a8b61d2283faa2cb,2023-06-21 16:49:00,2023-06
281,64af95ebadb79ef89b60021497c978e2,2023-07-14 11:54:00,2023-07
282,651a6a2cc226144e289927c30472cf53,2023-04-18 12:32:00,2023-04
283,658ffb7e9f529fc60928bac100112ada,2023-10-18 12:20:00,2023-10
284,65b60ebf4b598094e87e8d8077e18fb6,2023-02-15 21:17:00,2023-02
285,6659ea2a57ca6568ddc0bb8ac5fcb288,2023-01-10 16:44:00,2023-01
286,66b0f80afceb7f75b4c5e4bb084cff3c,2023-11-23 17:37:00,2023-11
287,66b6023d84dc1542a3573c563e143ea9,2023-01-11 18:17:00,2023-01
288,6705c92fc6219a0fb244220bf1c29b97,2023-02-07 19:16:00,2023-02
289,672ef67ae0dab61b109ec98d0e4ab677,2023-01-09 21:33:00,2023-01
290,682d5dec854812a272b43949ca10222a,2023-02-13 00:22:00,2023-02
291,6842bd93ac50511ad697d8bb187223f2,2023-11-17 01:27:00,2023-11
292,68be24f1e393bea0d03745eab295377e,2023-10-19 18:00:00,2023-10
293,68ebfc442c50b50a6d77841b9a54dacf,2023-01-11 19:21:00,2023-01
294,68f8d1afc9d548f0682dafc9327788c8,2023-02-09 20:57:00,2023-02
295,6aa563edcfda34da7b83ed2999f6e88a,2023-02-22 09:48:00,2023-02
296,6aa6e29aa850f00e0791338108a6b654,2023-01-10 17:31:00,2023-01
297,6afe2899e0d7280ba7ba74a5973e2742,2023-03-12 21:11:00,2023-03
298,6b057bcddbf14416b711a559edbc9d91,2023-01-05 11:20:00,2023-01
299,6b49d353e43b36b030d16c6a981dcec3,2023-02-19 11:08:00,2023-02
300,6b8e424748e4f6c8845cdadd40440fae,2023-11-15 22:11:00,2023-11
301,6c142fdddad5ad9b4230b4185aa791ae,2023-05-05 00:44:00,2023-05
302,6d18f1eb47db00cf2d7dbd496c405807,2023-10-16 21:16:00,2023-10
303,6d6b3f02abf15a0ff0129814e9160a39,2023-02-18 23:57:00,2023-02
304,6d9c6ae1dd8ffe3bc3495437caac4298,2023-01-11 18:58:00,2023-01
305,6dd6e683ba829d3e85fb5aabf5ae76ba,2023-02-11 09:09:00,2023-02
306,6e265a4ed0232e73e50c0b5a45c3f565,2023-02-13 22:46:00,2023-02
307,6eb891c6698b38d0da82082b5be535c5,2023-02-05 22:44:00,2023-02
308,6f40b889f8d7ada60e47f2729d6c69b9,2023-03-16 17:42:00,2023-03
309,6fcac1d8ec4357def3c19e0ae13acbb9,2023-02-13 16:11:00,2023-02
310,6fdbced2eef7913dfb9576981c56baba,2023-01-03 20:41:00,2023-01
311,714341b30b121a2e041329f789d350c3,2023-02-05 19:52:00,2023-02
312,714ad5c36b95eff50e5066debe0f4daa,2023-03-12 12:29:00,2023-03
313,71630526f7d8aa962ddead38bd3fc2f4,2023-04-12 08:50:00,2023-04
314,717d6f8684cd47b5da77d462771ac574,2023-11-26 15:35:00,2023-11
315,71961a25b8ed041e1b01cb13801866b8,2023-03-28 19:27:00,2023-03
316,723da1798d02be192c9217409bc1064d,2023-03-18 08:40:00,2023-03
317,72b983c6ed47e02411f843aae34800c7,2023-02-05 12:30:00,2023-02
318,72f359516557b656eabbb1caa313e8e1,2023-01-05 14:25:00,2023-01
319,73a04729902314778ce91aa3ef416cad,2023-01-12 14:07:00,2023-01
320,740566c60519f01ced14f095f7762f88,2023-01-03 15:49:00,2023-01
321,741f82c54713f7436dfdf5903ba6d710,2023-02-12 20:50:00,2023-02
322,74ef800dd6f1159d5ede63a9f0f0d250,2023-10-18 00:25:00,2023-10
323,74f269884e1b8da758ef8c42bd24d878,2023-05-12 01:27:00,2023-05
324,762530da94d134c20d8eda923e293e79,2023-01-11 14:52:00,2023-01
325,76530fc3923e0f4ffc8260ae0ca495e3,2023-02-16 12:08:00,2023-02
326,76713ae798782b217cbc370fed229031,2023-01-03 11:00:00,2023-01
327,7778c3fce7d049998341fb7232db75b1,2023-03-04 14:22:00,2023-03
328,77a054c6c0940f7bfc7fe3ab47fb15c7,2023-03-11 10:54:00,2023-03
329,77f251caa9aa147ca0955a00d26a6788,2023-10-18 13:48:00,2023-10
330,78497d9dda1685f1a7335fc3e688e95a,2023-02-16 23:00:00,2023-02
331,78a0432b37c93cf339aa60f5133b8bb6,2023-02-11 13:55:00,2023-02
332,78dbf7f6fa11f1606d3db0225753693f,2023-05-16 13:05:00,2023-05
333,7938232960ce72287a9b08e8689777bb,2023-11-19 18:48:00,2023-11
334,79abf223a491c9023840cc84203539d4,2023-04-16 14:09:00,2023-04
335,79bb95e2c72e2ada90e06fbec7d7de1e,2023-01-05 14:03:00,2023-01
336,79d8efbbf59bdd2ab7e1b73c1ada3989,2023-02-05 15:39:00,2023-02
337,7a065564ac3b8346586850cf0918ee1d,2023-07-12 19:19:00,2023-07
338,7a1b09e31b69330adfb5301073139aa8,2023-02-13 21:18:00,2023-02
339,7a78b374710171b484c86e2aa3c8d86e,2023-05-11 21:32:00,2023-05
340,7b9dd0a324b58fd52f6acf754c2b6815,2023-02-16 15:53:00,2023-02
341,7be3074948ef7485394695d1ce58f410,2023-02-11 17:41:00,2023-02
342,7be413e01d728ce1cebdb2990974627e,2023-03-21 17:29:00,2023-03
343,7c18e73fcdec013142e4f5e5f8b3c9a7,2023-01-11 13:08:00,2023-01
344,7c65c79cd1f5d622756111f56da16d6f,2023-01-07 23:24:00,2023-01
345,7c8351432c0f5fe9b62271a126d1c23e,2023-01-11 12:48:00,2023-01
346,7cb5a603fbaa9203be6c448a5aca1636,2023-08-10 10:23:00,2023-08
347,7d1678b998036bb2727814b21c3734b6,2023-02-17 10:11:00,2023-02
348,7d41240102f80184441a7299adaa3502,2023-09-11 21:16:00,2023-09
349,7d535b80dbb9ddc46f1541e079c871d4,2023-01-11 19:46:00,2023-01
350,7d90761e7b1c20ba31651435264f96af,2023-03-16 14:30:00,2023-03
351,7d9a239681a6f1a6a8ff11ff4c216569,2023-11-15 19:31:00,2023-11
352,7dd065d09b6b6b355894a28c374942f0,2023-11-17 17:07:00,2023-11
353,7ea55bc743661ce4669c38d59f2fdfcd,2023-11-24 13:03:00,2023-11
354,7f48da37716f9b8b499c0a026d85e90f,2023-01-04 14:22:00,2023-01
355,7f7fe90dc4aef20aab5d409014c9230d,2023-05-13 23:07:00,2023-05
356,7fd451c7126255b45f63923080d645d0,2023-10-29 17:06:00,2023-10
357,802afd532f3f0191bd3e4138f18c0000,2023-01-06 00:08:00,2023-01
358,806bea78a3ba55cb7ccc305b9b9642e3,2023-02-11 08:38:00,2023-02
359,807ac3f6af1eff23a9b202c21136c795,2023-11-16 17:52:00,2023-11
360,80d099a019377393c8c1aa4a1b8765d3,2023-01-12 14:30:00,2023-01
361,81d492cdfb860eb9e3d92e9a5fec320d,2023-01-12 00:35:00,2023-01
362,821c9166125c0837ffcbb8aadb6421c8,2023-01-12 19:48:00,2023-01
363,823782aef08bee4025f4e84ef4f912a2,2023-04-11 18:10:00,2023-04
364,827a5bb2b5e13638667e7c5d537bea8a,2023-11-17 21:33:00,2023-11
365,82b60434632f65efbe572d98ef9826e4,2023-11-16 23:20:00,2023-11
366,837f2c17a9c1d31f71feb20b9ae7e190,2023-02-03 01:13:00,2023-02
367,83909f30f2329c588331fc2481abaec5,2023-02-15 18:57:00,2023-02
368,843bb160eec2d47494fb2188adb5a7d5,2023-02-05 18:30:00,2023-02
369,844aa2a87a7e9fa42c6c905983c183ba,2023-04-05 15:42:00,2023-04
370,85499ae74e92df78412d3e787428af88,2023-04-03 21:38:00,2023-04
371,85e45a1fbe1c2262a0321573940405ee,2023-01-05 11:56:00,2023-01
372,86565995501300aeb1eb1f3cd096f9bb,2023-11-17 22:36:00,2023-11
373,865e256a155dd98504ff4bf6eaf8af36,2023-02-15 18:30:00,2023-02
374,866a48eec675e356a7988ba31975dd3a,2023-03-15 10:38:00,2023-03
375,86760eecd9e9e6c79350d6f40bf10a6b,2023-02-06 18:57:00,2023-02
376,871c34ca31374ff10da2cd4475e1c981,2023-02-19 23:44:00,2023-02
377,87a2f359a7cacca53fcb4e82c74b0ef7,2023-03-04 20:11:00,2023-03
378,87a6d538fcd14ffa1348b890a13507a8,2023-05-12 23:00:00,2023-05
379,87c2f0ad800687b8a90a677d2f5ce6ce,2023-02-22 18:52:00,2023-02
380,87ee0b415dc3b01051687d374efe12a5,2023-03-29 12:05:00,2023-03
381,8851a0c80b6bc878fee73902e29a7038,2023-02-28 19:30:00,2023-02
382,8863dd62fe4ad407030b44fdd514c404,2023-11-18 18:34:00,2023-11
383,88954f8bc4754a537b1ca0f96affce16,2023-03-03 12:10:00,2023-03
384,88a188faafcd6e20fda0ae23c81d9fc1,2023-01-10 12:20:00,2023-01
385,89baafe5b9c4770a055cd319e3ca5355,2023-11-18 21:18:00,2023-11
386,8a089ee67029e1b3d18bab54f0e706d7,2023-02-19 22:39:00,2023-02
387,8a6d7340cf6d8cad0aa9d2290d582364,2023-11-18 21:08:00,2023-11
388,8af01d2fc2d51150a020a88b17caafcf,2023-05-25 23:05:00,2023-05
389,8bfeb0eefcda99b90da3b60e31362ee0,2023-09-19 17:06:00,2023-09
390,8cebb9718816644f553172951940a094,2023-02-07 22:15:00,2023-02
391,8d2daa0103ff651983983e9cd4f782bf,2023-04-12 23:24:00,2023-04
392,8f42433b2f95105fdbbfceddf34d9861,2023-01-04 09:15:00,2023-01
393,8f4de99d53b7669639a8c43467de1fb7,2023-01-05 17:57:00,2023-01
394,904480ce7009fd4bee0d5a83584bd055,2023-01-04 07:49:00,2023-01
395,907863a11e6e3183981482a8ce247152,2023-12-05 21:48:00,2023-12
396,909637bbe3cb298716d0fd9c75fe8015,2023-02-19 11:21:00,2023-02
397,90a819bcd60fca410115439ff6a4d46b,2023-01-06 11:58:00,2023-01
398,90c08600443539bfd5822027477f54d3,2023-10-14 19:20:00,2023-10
399,916e2ef9f5befa330c2435d8f31cded5,2023-03-05 20:31:00,2023-03
400,9209cb4ea22ab06322c509c17d87b226,2023-01-11 12:26:00,2023-01
401,9217113052337dd59e2461f8fcac7f78,2023-08-10 15:58:00,2023-08
402,921ead9560049fb2fc9207304900dd30,2023-02-20 19:06:00,2023-02
403,9316aa1add9f53f52634cfc60c3924fa,2023-02-09 15:35:00,2023-02
404,936bed15c856e14c53aae0afbdc18ce0,2023-01-03 11:51:00,2023-01
405,948807762acb9e4479da4443f4ce8199,2023-01-05 12:18:00,2023-01
406,94eb0ec9ad01dcd15f4ee6d16c5e4e29,2023-01-04 14:38:00,2023-01
407,9549917eaa6a604c5144e7a7ca5f5bb5,2023-01-03 14:41:00,2023-01
408,968864283fc4dddd70711ec64821ce99,2023-01-04 10:58:00,2023-01
409,96c35aabc310acb35f2e7f2436287034,2023-01-10 16:29:00,2023-01
410,96f845af1a00df966f1959f34ffab5a1,2023-02-06 22:38:00,2023-02
411,9722b6e78513a15f3ed55b9ae571d276,2023-01-03 02:38:00,2023-01
412,983cc8b54b601921c3dbbda5fdebbccd,2023-02-10 00:59:00,2023-02
413,9847bcf0fb040329b925a5d153851c9b,2023-01-04 11:49:00,2023-01
414,98739e72da32c054e14843531e5ab8fb,2023-02-03 16:09:00,2023-02
415,98ac82b02cdd624f6c5b8ec473360841,2023-04-12 17:14:00,2023-04
416,992d1bfbc3c081321f242a03a6fdd86d,2023-02-12 16:31:00,2023-02
417,996d3c9d605cfefbc92c96e86ca96fa7,2023-01-11 12:31:00,2023-01
418,996e9fccc643b9d10260c443a662e6d3,2023-02-07 19:41:00,2023-02
419,99974a0749c6f36933e808a1caf09e5b,2023-01-12 15:52:00,2023-01
420,9a2c1df6cef60e85327a9503fff1cd93,2023-02-10 18:50:00,2023-02
421,9a2c31a45f8dfd584fafd0a70f485f46,2023-01-11 21:45:00,2023-01
422,9a703f81916162e5c078d589d615b4cf,2023-04-05 15:28:00,2023-04
423,9a9ef09f2d99503678dedf0bd46023d5,2023-01-06 20:25:00,2023-01
424,9ae10546ee7edd12a4929b814edbe81b,2023-02-24 21:35:00,2023-02
425,9bbafd9aa5679f2a191deb257750b48b,2023-10-02 00:03:00,2023-10
426,9bc0f0313093aea1e9f485c139b485fa,2023-01-04 18:32:00,2023-01
427,9c5f398af6ced14248e4fb11ee60e027,2023-01-03 01:40:00,2023-01
428,9d4da0cf2bceb0f4ca197f16c005095d,2023-01-04 20:22:00,2023-01
429,9e19d3de06333fcc8aeecb536b04172c,2023-02-27 11:50:00,2023-02
430,9f5cc473327c7c9099418217d522fd56,2023-03-23 17:15:00,2023-03
431,9fc0ff8362cd53d3d2192d5f0e371cde,2023-03-21 21:14:00,2023-03
432,a0229878459f2fcfb661f0b2bd45bb48,2023-01-04 23:05:00,2023-01
433,a1799855e17fe6bbc48ddb520d316ef7,2023-09-24 23:32:00,2023-09
434,a1af99905e60c8adbdaba3c5d855cab1,2023-06-11 07:27:00,2023-06
435,a1d465740ecb48857d0699b63ddd770f,2023-02-10 20:10:00,2023-02
436,a2af6ff421887bc421bf13b9b1d99a7c,2023-03-30 16:50:00,2023-03
437,a2f3b498e5fd3bfff916522ab4f1f346,2023-10-22 10:04:00,2023-10
438,a3306772352f7e00036b0302a9d9dcd3,2023-01-07 10:00:00,2023-01
439,a34ff6e5d5efcb4e3cc4bede32d75db1,2023-02-19 19:47:00,2023-02
440,a3a7b31d6271c02010e2fb88775bf17f,2023-05-15 12:11:00,2023-05
441,a3d4ee23bbf8cab4f4911260b44c412c,2023-01-05 23:07:00,2023-01
442,a41f3e2954c9f4f2cf594a2b3b7a7214,2023-01-12 15:35:00,2023-01
443,a4655e037db29ba45cd3c08990d61ff3,2023-01-05 11:46:00,2023-01
444,a4bcc06e1de818dbd2322c556a3453fb,2023-11-17 09:34:00,2023-11
445,a5123f677a250c780afb7f62e568e99f,2023-03-11 10:53:00,2023-03
446,a51e31b08603016c20a9398916622bd6,2023-01-03 16:40:00,2023-01
447,a5686c7a2f8e8592a74790c519a2fd32,2023-01-04 09:31:00,2023-01
448,a5b563a39c186501257d58c39ce65506,2023-01-03 19:12:00,2023-01
449,a5d6018767d248bc87dc60a0ee852cec,2023-11-24 19:52:00,2023-11
450,a60fcb2d22fda5f5349c4aa8a2fc705d,2023-11-27 13:54:00,2023-11
451,a83a162ce00c1b38e61d56ebf86f8dc3,2023-01-12 04:11:00,2023-01
452,a86dd0a9774c64db122b3b05c375d99d,2023-02-06 22:19:00,2023-02
453,a89aacc17d4895d8caa0a6ff88a3f2a7,2023-01-05 00:58:00,2023-01
454,a9e7243476e557b5add512525e415006,2023-09-02 16:37:00,2023-09
455,aa150b7db53d8bd59acbab136a1f3129,2023-07-12 22:09:00,2023-07
456,aa34ad78090273edfc1cd9814b05a81e,2023-01-04 17:09:00,2023-01
457,aa8d55fdb6e1fabadd4bd4a8e8fc0a67,2023-01-04 10:13:00,2023-01
458,ab938ec550eecb1e477bedb866cdd66a,2023-01-12 11:55:00,2023-01
459,ac36c01f540a9c97af0f986a7206cf54,2023-11-23 15:56:00,2023-11
460,ac458a3242e67c8923b37fc86ec651c8,2023-01-03 20:06:00,2023-01
461,acdf1530abaf0763f400a7be29a3d2a1,2023-04-13 10:41:00,2023-04
462,acee2e68354176f325b6150832a877a9,2023-11-20 15:54:00,2023-11
463,ae218e9dc44512fb355971368d91e057,2023-03-12 23:48:00,2023-03
464,aed39a6a24d323b390b48aedbf1455f8,2023-02-09 21:10:00,2023-02
465,afab1f01424a4bd68bc340210aec52c8,2023-05-05 15:39:00,2023-05
466,b017fe2ed6b6ff1ef6f4c5f3335bd1a3,2023-05-23 10:29:00,2023-05
467,b0bac3c3bc634236e27c9b1153ece659,2023-01-03 09:06:00,2023-01
468,b0f38b53c9017f01d1e01081be9f0946,2023-11-14 09:13:00,2023-11
469,b117b5cedc5667ea8bd5081f1f591da2,2023-01-05 20:11:00,2023-01
470,b1236f313562d019c16cd89d6ec6c5d1,2023-05-05 13:49:00,2023-05
471,b12cfc31c6cd23e39c5798212ca39ab5,2023-02-18 18:47:00,2023-02
472,b17cb2ed064973683a105b807d64e69c,2023-01-04 18:07:00,2023-01
473,b347c09fd5ea604ac82470337332bd3f,2023-04-24 13:07:00,2023-04
474,b34feaf0a73f36825c06207b0f1b80f7,2023-01-10 16:29:00,2023-01
475,b3c76e351098226467bc59688ef221df,2023-04-17 00:57:00,2023-04
476,b4fd75b2132aca825a6a870e9c37dfd9,2023-05-23 22:02:00,2023-05
477,b5207b1f3a3da1df1e078406980d2b96,2023-01-04 09:03:00,2023-01
478,b5ce8117754ac818a8d5bea12180a7b4,2023-02-05 12:41:00,2023-02
479,b5f40c30b745b2fe9f72abc511c5147f,2023-11-18 06:40:00,2023-11
480,b63091317cad148f8822d8293ae6d375,2023-09-28 11:21:00,2023-09
481,b79dbbaddb5d739c83999607b47f2fae,2023-01-07 00:41:00,2023-01
482,b802c936902fe59b26282e12dd888939,2023-01-05 22:15:00,2023-01
483,b804c773623c765ed9b26882881a81fa,2023-03-12 20:09:00,2023-03
484,b8a8870d5081e3783d58f427e04c97a3,2023-05-18 13:14:00,2023-05
485,b8faa40bea7837c2f3e359e7a61798ae,2023-01-05 17:59:00,2023-01
486,b9e0844abeadaa78ec7f669193fb62ea,2023-04-04 15:36:00,2023-04
487,ba5b928aa936018f217e47729b8edf0f,2023-01-10 18:09:00,2023-01
488,bb11d8b04df34d1af7fe0b933ea4592d,2023-04-23 12:58:00,2023-04
489,bb69c53eddc2c110b151f7d7e0456c32,2023-01-06 13:36:00,2023-01
490,bbc075d96e389951c2897ecfbd9beaa7,2023-01-07 13:56:00,2023-01
491,bbc73bcc40cce9acfab2af4be130564d,2023-03-16 15:05:00,2023-03
492,bbe62427ad533c9c74305d9735497ab2,2023-02-12 19:02:00,2023-02
493,bcc6d275b3ff71f3a2e5a26493fb4467,2023-05-26 20:15:00,2023-05
494,bd093ab038eb4ab3301ddcee38f78d1f,2023-05-18 19:05:00,2023-05
495,be3f77acde0f4f032b335a4b4a21476d,2023-02-15 19:49:00,2023-02
496,bef8ac8b736b67e909a27a61d6b8ed5b,2023-01-06 22:34:00,2023-01
497,bfae76e8c330bfd83cf959f3e7949353,2023-04-06 23:20:00,2023-04
498,bfda0c5f555f7d19d94aa862ec383a5b,2023-06-03 21:38:00,2023-06
499,c0b14ac366686d7fbd429d6585e348dc,2023-01-10 16:50:00,2023-01
500,c0e0b42125ac163212a403025c3f64fb,2023-01-04 10:27:00,2023-01
501,c11c466eb3b03b074b4f6e36dd896863,2023-03-20 14:16:00,2023-03
502,c30527742716a62306be475b5857c931,2023-05-17 14:34:00,2023-05
503,c38cdefd9889aaa38ae388ff10330da9,2023-01-11 14:59:00,2023-01
504,c399bfb7f172272d7dcfacf292fe1b9a,2023-01-03 10:14:00,2023-01
505,c3ecbe075e56ce7f7971a173a6530206,2023-01-07 16:01:00,2023-01
506,c402ac142f9e8527a394a930c11e0372,2023-05-11 06:34:00,2023-05
507,c404b2cf26ba140d945a539efd50a94c,2023-01-04 17:15:00,2023-01
508,c415e15904d105b686b234640935ab4d,2023-02-05 21:48:00,2023-02
509,c462633699338f71e2271e8039c8ed83,2023-11-09 22:37:00,2023-11
510,c4bca97cbd78ebe35428fd7c7c758146,2023-03-09 17:28:00,2023-03
511,c4f5f338c34d120bc3ecc62a69d7738c,2023-02-05 12:17:00,2023-02
512,c58f2c35caefbbe6fe3e7ab12a77ea0a,2023-02-18 10:40:00,2023-02
513,c5d750731fb8ddba3c1958890b6d5788,2023-01-03 21:01:00,2023-01
514,c5f5446c23faf1998120b070ecf68d06,2023-01-06 01:32:00,2023-01
515,c6745860788999e8135e98d1750ff355,2023-02-10 20:04:00,2023-02
516,c6e46c7e03871a6bd31f7ae215639d3a,2023-01-07 19:58:00,2023-01
517,c7613b76b6cb422c6acb1d17124784c5,2023-06-12 12:15:00,2023-06
518,c7dca6ff1f4f23ec546feb968a9d0d94,2023-02-07 15:44:00,2023-02
519,c7f85a80b8646b1372c3e1f4c5e6c805,2023-01-08 10:27:00,2023-01
520,c80036b552fb273ac04c2efd19f52b51,2023-01-11 13:01:00,2023-01
521,c82b6f68721df00c07ef16717b4830e6,2023-01-10 00:01:00,2023-01
522,c86be2cab83b735e2348b798d3645109,2023-02-12 18:00:00,2023-02
523,c8b0c231b059ab0307b8a2a298c94359,2023-01-07 17:24:00,2023-01
524,c9ad3d95780e5a13dc8fcb60bd180705,2023-04-25 15:46:00,2023-04
525,c9da7c34e8904432ef84faa05bc024a1,2023-01-12 21:28:00,2023-01
526,cb11aaf559b920c50be14c9c2231e1bc,2023-03-19 18:40:00,2023-03
527,cb18ca0f4be4aa9a7634b3e26c9cb74d,2023-01-04 15:59:00,2023-01
528,cb3a43cb37a5a6185bd025d051ccf602,2023-03-16 11:52:00,2023-03
529,cbb0e9a5e074b8ecf7f82de0c6e1f532,2023-01-07 17:25:00,2023-01
530,cbda9fed9576c1f6f48ad6a6d498b4c1,2023-02-07 17:46:00,2023-02
531,cc913bc0ecce0da04d797a2051de34ca,2023-01-09 14:34:00,2023-01
532,ccce2e4c71d1a6d6f940f5bdd31c7d4c,2023-11-16 14:55:00,2023-11
533,ccfc3933a2a6d57983d6a8cd73072939,2023-01-09 19:35:00,2023-01
534,ceaa4dc25227b4868c8c6355759cfe4f,2023-02-13 17:30:00,2023-02
535,ced4bf5062ef69eae9d008bfd6d19edd,2023-02-03 23:17:00,2023-02
536,cf37c2754546d34b93f099842aa78a5b,2023-11-23 19:19:00,2023-11
537,cfc3bdc46dde39c95e5bbf172f68a5ae,2023-01-11 12:28:00,2023-01
538,d04ac37678714d427cf6a4579a42e5e4,2023-02-21 19:49:00,2023-02
539,d054c999f9fd71f035dac6f4cd35315f,2023-02-04 19:40:00,2023-02
540,d0c3532c72091eb818ad0ef8cf431e38,2023-01-07 09:11:00,2023-01
541,d0c66ca491dfb7d33ec7be25b9df5b40,2023-02-11 22:48:00,2023-02
542,d0fb4c5c5335f28e6aaff9c7bc21f882,2023-10-17 21:42:00,2023-10
543,d3083f8957693ec93b6caa1eaf2dc689,2023-10-19 22:57:00,2023-10
544,d3c8661492039890cdb9f0e78fb539df,2023-05-12 16:54:00,2023-05
545,d3d8038fa1f539c95ef7a7847f674f1c,2023-02-27 12:06:00,2023-02
546,d421d5a36338b90629572336e9e3b12f,2023-03-20 23:02:00,2023-03
547,d484ef42687f4f1d41038e389d44b63c,2023-01-11 22:12:00,2023-01
548,d4ba98496fbb54c2f2f5a477fbc785f2,2023-05-16 14:23:00,2023-05
549,d4f848ef2557bd789793da111c6b23d6,2023-02-18 03:01:00,2023-02
550,d5ad334afd052441e26eff015bddacc1,2023-01-07 07:14:00,2023-01
551,d5bdd69ea23f37de5ffa526fc832bf59,2023-01-12 21:20:00,2023-01
552,d5da9ed3462e2f6f3d4440dd2f2e2fa2,2023-11-25 02:30:00,2023-11
553,d5ef0a00a455ba107e0d0564c3d1b8dc,2023-04-06 18:55:00,2023-04
554,d5f1460f89815fa1220e8771d413bc21,2023-01-06 08:59:00,2023-01
555,d691395df206e25c23e9b8716d7c4b4c,2023-01-06 11:38:00,2023-01
556,d6d5817ef157d77965798332a5d1af49,2023-10-19 09:17:00,2023-10
557,d6e6967f4704da565fa44e4455a7ec72,2023-08-12 00:52:00,2023-08
558,d70ac8abf4ffbd4f299684f27185b37c,2023-02-11 21:14:00,2023-02
559,d7604bfea3fb8f9b7c34b281363af75c,2023-09-27 18:06:00,2023-09
560,d7ed509972b8644cf48d94cc69020eb0,2024-02-14 16:13:00,2024-02
561,d82ded2335ad0da79eb152c1d6102c88,2023-02-07 22:26:00,2023-02
562,d91a22ec6f1955b960df7c3c1fbb18ce,2023-02-12 12:18:00,2023-02
563,d94be2209d36e4ec654069b9d1d75446,2023-08-02 20:37:00,2023-08
564,d997183a833907dead61ad0124e2197a,2023-01-03 15:36:00,2023-01
565,d9a0ccc7af7fd8c1e1ba713e00d0e111,2023-02-14 09:00:00,2023-02
566,d9f7dff6612c1437885bf54e89d9775f,2023-01-11 10:31:00,2023-01
567,dab62d8a17d4329fbfbbb7185464175b,2023-11-18 14:12:00,2023-11
568,db0673bd70c4cbbda60828b76f7904d5,2023-01-12 15:36:00,2023-01
569,db11a157cda2620b980c852b77182bb8,2023-01-11 08:48:00,2023-01
570,dbb0258359db1f45dc4b7c8afaa036a3,2023-01-12 14:14:00,2023-01
571,dc5e93c897f8e948adcc746c9a6954e5,2023-11-30 15:35:00,2023-11
572,dc67d30cf118bc445d53fcb097bc9d2c,2023-04-12 11:17:00,2023-04
573,dc7c2e3a19e099f64151d78b81395cde,2023-02-05 12:00:00,2023-02
574,dc93c5ee8b8019b3abb4fa43958f0ea8,2023-10-11 09:48:00,2023-10
575,dcd5867eecaa2c9923702dc84cf0270e,2023-03-07 20:21:00,2023-03
576,dcf61bd513ab0854b3d6db82d792a8bf,2023-09-22 14:08:00,2023-09
577,dddc374599edcede95dd7dd900bec8ae,2023-02-19 21:11:00,2023-02
578,de4f4b950096f8f46a76f17b1f13f46d,2023-01-03 21:55:00,2023-01
579,df3be4f4764760d5c4a847746bd1d593,2023-02-05 12:41:00,2023-02
580,df76b6966d647e65a3aa5b654259512b,2023-10-17 23:57:00,2023-10
581,e0b8f0c1d4721d993c2db3991d3aee45,2023-09-21 17:44:00,2023-09
582,e0c92926cba451c21d18eff11de26fdf,2023-02-05 12:04:00,2023-02
583,e14d949e05837ba6b45ed02f58af6993,2023-02-12 19:15:00,2023-02
584,e183e099e8dcfa9514593f8e0f38090f,2023-01-04 11:20:00,2023-01
585,e1c6ed525bb6ad3cd29d2b6565f87d39,2023-11-24 00:51:00,2023-11
586,e214aadca335b9e2ab0734193020e582,2023-02-23 23:58:00,2023-02
587,e3d427a79c95773b2f2807be676eb597,2023-02-13 18:10:00,2023-02
588,e47306dfb5790b7e6ffc2a373f30f0cc,2023-01-12 16:41:00,2023-01
589,e48e8ce015a3dd197d1b2f00aa80a6cd,2023-11-18 17:17:00,2023-11
590,e4d6bbe04c9a18d6a3528b7f62ca8f9f,2023-05-12 11:20:00,2023-05
591,e4f56dc8602141eceb242da7cabe2300,2023-01-04 09:55:00,2023-01
592,e57031faca8b1a6d07d7f75b1cf55f13,2023-02-12 23:22:00,2023-02
593,e5877e1f506d2032102f532a7c9030fb,2023-02-07 02:48:00,2023-02
594,e5c13cd2821d4313a0860b8cb6990e59,2023-02-16 13:16:00,2023-02
595,e63e516054f146a7a7772c0cd71bf6df,2023-02-09 10:38:00,2023-02
596,e69ce9f9a1dc0485efd3cd5d5428db73,2023-08-11 23:53:00,2023-08
597,e775505f6baaa5b99650940ff04b6462,2023-09-02 10:53:00,2023-09
598,e7e96d3e7afb6e4ce33a96cbe5dc8221,2023-11-19 19:43:00,2023-11
599,e83ac5adbd7721bbbf373936bf522f35,2023-04-07 13:34:00,2023-04
600,e949c833078be6d4551f1d85cf42c659,2023-03-07 11:55:00,2023-03
601,e96a43a70927b99e65a90e2032dfc089,2023-02-14 15:40:00,2023-02
602,e9765c5699eab9f1a922a43a15b87633,2023-03-28 16:07:00,2023-03
603,e98b9bbfe1ef3cf5d5a33dafbcc67def,2023-10-07 21:26:00,2023-10
604,ea9583bd83fe26dbca6bbcb238bfd7f0,2023-02-07 22:17:00,2023-02
605,eaa507bbb0f4a0a5322d28b9784b654c,2023-01-03 15:23:00,2023-01
606,eb9f5e72fc0ece49fb515d540ac9999c,2023-01-12 12:02:00,2023-01
607,eba5b7f06b6db15da9df9f42a536342a,2023-01-09 13:20:00,2023-01
608,ec6e11dfc6cb33c46415a3448d4382b4,2023-01-12 16:06:00,2023-01
609,ec744f2f9d49ce3085f138a76fb375a4,2023-02-05 11:40:00,2023-02
610,ecd131a3280d65afc5ff8ea7d2f34480,2023-05-20 15:49:00,2023-05
611,ed1ba3ece1979f5520c81646e7afe852,2023-01-05 03:37:00,2023-01
612,ee4340200e1e38d47239d11c59b9f8ee,2023-02-23 13:49:00,2023-02
613,ee71e00ff8d4425ba5d933da5d9e3d73,2023-11-24 15:17:00,2023-11
614,eef2b6f3b4e1f0258a664d33934ff560,2023-09-06 12:10:00,2023-09
615,ef8de5a1a3bcb63a05ffc78d2e6c7bfe,2023-11-21 20:27:00,2023-11
616,efd79067823b10079054d1028fa24eb4,2023-09-02 07:26:00,2023-09
617,eff914ead8f387750571c4a26314f908,2023-01-12 15:20:00,2023-01
618,f0504ea177e1f0051a4c99d98161eb65,2023-06-09 23:52:00,2023-06
619,f0887f63c33c1272422067e785d54f50,2023-01-03 20:32:00,2023-01
620,f0de3b58d06dfb230a71d5dfcaef8539,2023-03-04 11:12:00,2023-03
621,f1d6009a4ca1accccd34a52634ed7e35,2023-01-06 10:14:00,2023-01
622,f20a549f0f595d2796c858def828ba0e,2023-11-22 15:54:00,2023-11
623,f22ef8bbd99e1e265e4cd76f09b9d4d8,2023-01-09 10:43:00,2023-01
624,f26c3803f427dcad7ee770d15de1b30c,2023-01-07 13:04:00,2023-01
625,f3ae2d86c42e99eba78c70f9552e39c6,2023-01-09 15:59:00,2023-01
626,f3e90c982e92416bd1e5202b0a1f9563,2023-06-09 16:37:00,2023-06
627,f516d068090f1e65d551b75a6cd9534b,2023-01-10 12:06:00,2023-01
628,f5fed74457cea6962a3f5df3a6cfc474,2023-01-03 08:22:00,2023-01
629,f61b9113a3751ac2081c43da5ddbec28,2023-01-04 13:22:00,2023-01
630,f662fb0cd0d5af6df77db2c885eddbda,2023-02-13 17:33:00,2023-02
631,f67dbef6d9e95e7a4760999541c7c4d9,2023-10-18 16:36:00,2023-10
632,f77317d55a63a4124d247b78536054ce,2023-10-27 20:28:00,2023-10
633,f79b28966814ad0249eb21ae5f72785b,2023-01-11 12:28:00,2023-01
634,f7f600cbedfcf5fb0fd62f56492d51e6,2023-02-07 15:08:00,2023-02
635,f8022bb4f69823e66b60678babed0d6b,2023-01-12 12:10:00,2023-01
636,f8162e6e2abfa452ddbf36659c8cada7,2023-10-17 22:35:00,2023-10
637,f83baf8ba73d3dfbe8fea28d2cd439f4,2023-07-09 14:17:00,2023-07
638,f845d2ab3be79101a6cebcb93a4280dd,2023-09-19 19:12:00,2023-09
639,f84d55b3f9f46f1676a7a0aa38a2f2a5,2023-01-11 15:21:00,2023-01
640,f8b4d2ac53ede1e5f895257b1a9b25b8,2023-09-11 17:48:00,2023-09
641,f8f9f7fbfe976a36e3efade6fe4a4210,2023-01-12 11:34:00,2023-01
642,f908b697745841fd0edea281818521d1,2023-01-03 17:04:00,2023-01
643,f91effb42479b6ec3d637da959478871,2023-09-11 19:06:00,2023-09
644,fa0fb62d42600a6dc48972447e67e460,2023-01-03 20:40:00,2023-01
645,fa7c86bd6086511f2aaa7b48cded2bee,2023-09-03 13:03:00,2023-09
646,fa920cf292ed4301a20a225f5a57d7e3,2023-01-06 02:13:00,2023-01
647,fa9c6615363669670d9e343da573b68f,2023-01-04 15:03:00,2023-01
648,fb67903be3f1acee4b27ee228f7df4ab,2023-09-13 16:43:00,2023-09
649,fb75585ff5fb0bbaf5492a6ea59abd2c,2023-11-14 14:08:00,2023-11
650,fb839bd3a517026e3c3956e1634e925c,2023-04-24 17:49:00,2023-04
651,fb9caee6286d2eea6c4b53f41baf4cfb,2023-11-21 23:38:00,2023-11
652,fba839ac0e1d53f3ab65973c33d1b091,2023-11-23 21:09:00,2023-11
653,fbd55fd176ceb21dc3d8eaa900742f18,2023-04-17 17:36:00,2023-04
654,fc28a89b7439d41a734970c088e672d5,2023-08-11 20:58:00,2023-08
655,fc3c1439728c1fa5c9608e697486f0a6,2023-02-12 13:53:00,2023-02
656,fcf77c2ebcf48b76e07cf6b83ad6ec35,2023-01-08 08:57:00,2023-01
657,fe4e73969131a10b85e18a41e1b062dc,2023-04-24 21:10:00,2023-04
658,fe4eb5a2ceedbea3aa67eb7d055cfb69,2023-01-05 18:28:00,2023-01
659,ff6830603cc467816731f20b43481f51,2023-09-02 11:11:00,2023-09
660,ffdf6968c44c0efa0ccbe648ef582d0b,2023-01-03 00:14:00,2023-01
661,ffe967f2ebab6f6fe1d200905ee31795,2023-01-12 22:24:00,2023-01
