Date,Open,High,Low,Close,Change,Traded Volume,Turnover,Last Price of the Day,Daily Traded Units,Daily Turnover
2017-01-02,81.99,83.57,81.68,83.54,,1121699.0,93099042.0,,,
2017-01-03,83.74,83.74,82.73,82.89,,1801855.0,149692483.0,,,
2017-01-04,82.98,83.26,81.72,82.43,,2067356.0,170153603.0,,,
2017-01-05,82.23,82.69,81.85,82.69,,1617422.0,133307428.0,,,
2017-01-06,82.7,83.66,82.49,83.66,,1890644.0,157500554.0,,,
2017-01-09,84.39,84.63,83.61,84.34,,2393595.0,201705340.0,,,
2017-01-10,84.53,84.65,84.0,84.0,,1917100.0,161542153.0,,,
2017-01-11,84.0,84.45,83.13,83.95,,1909354.0,160191049.0,,,
2017-01-12,83.42,83.88,83.15,83.58,,1660287.0,138662606.0,,,
2017-01-13,84.15,84.2,83.47,84.18,,1406227.0,118160408.0,,,
2017-01-16,83.72,84.29,83.35,83.73,,1099899.0,92257760.0,,,
2017-01-17,83.62,83.93,83.01,83.47,,1578494.0,131777276.0,,,
2017-01-18,84.31,84.4,83.07,83.6,,1826093.0,152586330.0,,,
2017-01-19,84.71,84.91,83.36,83.99,,2178360.0,182804380.0,,,
2017-01-20,83.94,84.0,83.3,83.8,,3038209.0,254423443.0,,,
2017-01-23,83.25,83.93,82.7,82.87,,1849358.0,153711280.0,,,
2017-01-24,82.33,83.83,81.92,83.46,,2709377.0,225013316.0,,,
2017-01-25,84.02,84.81,83.88,84.66,,2687571.0,227113198.0,,,
2017-01-26,85.0,85.21,84.54,85.02,,1966701.0,167060311.0,,,
2017-01-27,85.0,85.4,84.71,85.23,,1636673.0,139239440.0,,,
2017-01-30,84.99,85.44,84.86,85.14,,1815240.0,154482192.0,,,
2017-01-31,85.05,85.52,84.53,84.63,,2460058.0,208686949.0,,,
2017-02-01,85.0,85.15,83.85,84.1,,2332014.0,196559622.0,,,
2017-02-02,84.03,85.83,83.98,85.4,,2535752.0,216372293.0,,,
2017-02-03,85.26,86.12,85.06,85.48,,1791065.0,153408959.0,,,
2017-02-06,85.66,85.87,84.58,84.77,,2418074.0,205556278.0,,,
2017-02-07,85.03,85.83,84.87,85.4,,1563609.0,133568567.0,,,
2017-02-08,85.67,86.15,85.13,85.97,,2341062.0,200925597.0,,,
2017-02-09,86.13,86.37,85.62,86.28,,1597555.0,137565075.0,,,
2017-02-10,86.46,86.7,86.1,86.28,,1838615.0,158738675.0,,,
2017-02-13,86.25,87.57,86.25,87.38,,1654276.0,144321617.0,,,
2017-02-14,87.35,87.41,86.96,87.3,,1428333.0,124577973.0,,,
2017-02-15,87.59,87.59,86.38,87.17,,1396309.0,121636293.0,,,
2017-02-16,86.97,87.57,86.7,86.93,,1456154.0,126616378.0,,,
2017-02-17,86.66,87.03,86.33,86.89,,1834661.0,159121821.0,,,
2017-02-20,87.44,87.5,86.85,87.1,,1143729.0,99588905.0,,,
2017-02-21,87.16,88.37,86.9,88.17,,2016614.0,177343917.0,,,
2017-02-22,88.42,89.24,88.21,88.97,,2086913.0,185549823.0,,,
2017-02-23,88.79,89.03,88.54,89.0,,1683979.0,149740081.0,,,
2017-02-24,89.0,89.15,87.43,87.97,,2269939.0,199976437.0,,,
2017-02-27,88.34,88.44,87.57,87.76,,1352713.0,118850661.0,,,
2017-02-28,88.06,88.17,87.32,87.95,,1450047.0,127426866.0,,,
2017-03-01,88.62,89.49,88.34,89.37,,2297321.0,204810443.0,,,
2017-03-02,89.28,89.59,88.96,89.44,,2023432.0,180896572.0,,,
2017-03-03,89.76,89.83,88.93,89.28,,1787365.0,159698551.0,,,
2017-03-06,88.86,89.11,88.37,88.94,,1323498.0,117500566.0,,,
2017-03-07,88.91,89.4,88.74,89.16,,1738492.0,154915748.0,,,
2017-03-08,88.62,89.65,88.41,89.53,,1978133.0,176566491.0,,,
2017-03-09,89.16,89.8,88.83,89.5,,1744405.0,156036254.0,,,
2017-03-10,89.81,89.92,88.85,89.03,,2191734.0,195793101.0,,,
2017-03-13,88.93,89.24,88.81,89.16,,1369409.0,122007965.0,,,
2017-03-14,88.96,89.58,88.84,89.36,,1920535.0,171465630.0,,,
2017-03-15,89.25,89.73,89.05,89.73,,1530074.0,137079906.0,,,
2017-03-16,90.5,91.3,90.29,90.65,,2663513.0,241733441.0,,,
2017-03-17,90.5,90.95,90.0,90.95,,6288779.0,571332284.0,,,
2017-03-20,90.78,91.27,90.45,91.07,,1779645.0,161975896.0,,,
2017-03-21,91.69,91.7,90.01,90.26,,2013551.0,182453917.0,,,
2017-03-22,89.5,90.63,89.32,90.5,,1889334.0,170465925.0,,,
2017-03-23,90.5,91.08,90.06,90.95,,1828465.0,165653709.0,,,
2017-03-24,91.03,91.23,90.37,90.8,,1426279.0,129441525.0,,,
2017-03-27,89.2,89.74,89.03,89.4,,2362049.0,211076298.0,,,
2017-03-28,89.96,90.82,89.52,90.61,,1754223.0,158614889.0,,,
2017-03-29,91.0,91.2,90.25,91.09,,1520672.0,138179450.0,,,
2017-03-30,91.36,91.41,90.62,91.39,,1331151.0,121463571.0,,,
2017-03-31,91.44,92.0,91.12,91.98,,2883122.0,264623756.0,,,
2017-04-03,92.49,92.98,91.9,91.91,,1934464.0,178553442.0,,,
2017-04-04,92.01,92.49,91.75,92.27,,1759802.0,162307286.0,,,
2017-04-05,92.22,92.25,91.6,91.71,,1784150.0,163920881.0,,,
2017-04-06,91.24,91.64,90.79,91.43,,1776356.0,162096471.0,,,
2017-04-07,91.12,91.8,90.53,91.79,,1661034.0,151712805.0,,,
2017-04-10,92.27,92.27,91.5,91.76,,1099103.0,100910703.0,,,
2017-04-11,91.44,91.62,90.38,91.02,,1641591.0,149625280.0,,,
2017-04-12,91.3,91.8,90.82,91.49,,1818735.0,166260827.0,,,
2017-04-13,91.52,91.71,90.68,91.1,,2229929.0,203219121.0,,,
2017-04-14,,91.71,90.68,91.1,-0.39,2229929.0,203219121.0,,,
2017-04-17,,91.71,90.68,91.1,-0.39,2229929.0,203219121.0,,,
2017-04-18,91.1,91.43,90.12,90.36,,1787616.0,161800163.0,,,
2017-04-19,90.52,90.79,90.23,90.66,,1416947.0,128321956.0,,,
2017-04-20,90.48,91.18,90.26,90.4,,1566696.0,141931651.0,,,
2017-04-21,90.62,91.18,90.39,90.92,,3389188.0,307858914.0,,,
2017-04-24,91.91,92.99,91.86,92.99,,3468037.0,321483611.0,,,
2017-04-25,92.9,94.22,92.39,93.13,,2361529.0,220703782.0,,,
2017-04-26,93.53,93.55,92.31,92.45,,2315978.0,214647716.0,,,
2017-04-27,92.08,92.78,91.46,92.35,,1882578.0,173375841.0,,,
2017-04-28,92.03,92.27,91.51,92.07,,2482055.0,228151652.0,,,
2017-05-01,,92.27,91.51,92.1,-0.28,2482055.0,228151652.0,,,
2017-05-02,92.43,92.81,92.04,92.8,,2073647.0,191901852.0,,,
2017-05-03,92.69,92.7,91.63,92.48,,1705983.0,157309485.0,,,
2017-05-04,92.75,93.21,92.32,93.21,,1840994.0,171220855.0,,,
2017-05-05,93.05,94.0,92.87,93.84,,2007569.0,187749750.0,,,
2017-05-08,93.7,94.26,93.18,94.22,,1798041.0,169023529.0,,,
2017-05-09,94.28,95.43,93.86,95.2,,1851229.0,175880894.0,,,
2017-05-10,94.73,95.51,94.42,95.04,,2291446.0,217795716.0,,,
2017-05-11,94.45,94.54,93.46,93.98,,1795960.0,168805040.0,,,
2017-05-12,93.91,94.7,93.86,94.66,,1693114.0,159803777.0,,,
2017-05-15,94.86,94.95,93.91,94.21,,1233037.0,116261879.0,,,
2017-05-16,94.26,94.9,93.94,94.22,,1498344.0,141300027.0,,,
2017-05-17,93.75,94.52,93.68,93.95,,2261734.0,212845236.0,,,
2017-05-18,93.75,94.13,92.96,93.75,,2457543.0,230045221.0,,,
2017-05-19,93.72,94.08,93.42,93.92,,1884.0,176735.0,,,
2017-05-22,94.02,94.12,93.3,94.0,,1665113.0,156235904.0,,,
2017-05-23,93.79,94.97,93.54,94.68,,1435159.0,135694609.0,,,
2017-05-24,94.74,95.19,94.53,94.93,,1448107.0,137375631.0,,,
2017-05-25,95.24,95.33,94.18,95.04,,1209328.0,114759425.0,,,
2017-05-26,95.0,95.14,94.53,94.98,,2236.0,212206.0,,,
2017-05-29,94.66,95.48,94.61,95.3,,3078.0,292704.0,,,
2017-05-30,95.0,95.35,94.62,95.25,,2868.0,272770.0,,,
2017-05-31,95.1,95.97,95.0,95.3,,4118.0,392682.0,,,
2017-06-01,95.44,95.75,95.2,95.57,,3301.0,315505.0,,,
2017-06-02,96.0,96.32,95.68,96.1,,1875186.0,180192874.0,,,
2017-06-06,96.34,96.38,95.01,95.65,,2122393.0,203058185.0,,,
2017-06-07,95.51,95.97,95.18,95.26,,1696764.0,161931503.0,,,
2017-06-08,95.44,95.99,95.36,95.81,,1335134.0,127867417.0,,,
2017-06-09,95.87,96.34,95.58,96.0,,1540772.0,147960844.0,,,
2017-06-12,93.74,94.3,91.86,92.56,,3619599.0,336083805.0,,,
2017-06-13,92.75,94.08,92.71,93.59,,2019182.0,188837232.0,,,
2017-06-14,93.76,95.06,93.67,94.25,,2510425.0,237070846.0,,,
2017-06-15,93.94,94.08,92.59,93.26,,2538878.0,236744239.0,,,
2017-06-16,93.02,94.4,92.9,94.4,,5850270.0,550482302.0,,,
2017-06-19,95.0,95.46,94.63,95.46,,1608608.0,153222375.0,,,
2017-06-20,95.75,95.99,94.85,94.85,,1506480.0,143383101.0,,,
2017-06-21,94.69,95.2,94.13,95.2,,1578946.0,149751024.0,,,
2017-06-22,95.53,96.16,95.5,96.01,,1901817.0,182363442.0,,,
2017-06-23,95.44,96.02,95.28,95.93,,1650317.0,157995325.0,,,
2017-06-26,96.25,96.33,95.49,95.69,,1430159.0,137089034.0,,,
2017-06-27,95.8,95.81,94.35,94.35,,1936000.0,183608034.0,,,
2017-06-28,93.6,94.0,92.91,93.5,,2450606.0,228946948.0,,,
2017-06-29,94.01,94.29,90.24,90.89,,3220138.0,295434912.0,,,
2017-06-30,91.05,92.25,90.8,91.45,,3186081.0,292051605.0,,,
2017-07-03,91.78,91.89,90.8,91.18,,2086995.0,190498337.0,,,
2017-07-04,90.68,91.17,90.36,90.73,,1499966.0,136145122.0,,,
2017-07-05,90.52,91.17,90.17,91.0,,2096012.0,190385877.0,,,
2017-07-06,91.4,91.48,89.25,90.1,,3139034.0,282952272.0,,,
2017-07-07,90.25,90.36,89.36,90.36,,1836680.0,165264197.0,,,
2017-07-10,90.94,91.69,90.62,91.31,,1672525.0,152711112.0,,,
2017-07-11,91.43,91.66,90.21,90.33,,1998744.0,181098486.0,,,
2017-07-12,90.3,91.91,90.17,91.58,,1925755.0,175525438.0,,,
2017-07-13,91.67,92.13,91.36,91.36,,1886653.0,172742153.0,,,
2017-07-14,91.22,91.59,90.96,91.34,,1638606.0,149662265.0,,,
2017-07-17,91.74,91.97,90.69,90.99,,1239308.0,112933350.0,,,
2017-07-18,91.07,91.2,89.59,89.83,,2017515.0,181773633.0,,,
2017-07-19,90.44,91.83,90.18,91.33,,2503997.0,228388080.0,,,
2017-07-20,91.4,91.48,90.12,91.11,,2880530.0,261999174.0,,,
2017-07-21,90.4,90.93,88.58,88.88,,4464897.0,399917568.0,,,
2017-07-24,89.29,89.6,88.48,88.75,,2272154.0,201979779.0,,,
2017-07-25,88.92,89.49,88.53,89.11,,2123892.0,189182796.0,,,
2017-07-26,89.28,90.35,88.96,90.14,,2398027.0,215569108.0,,,
2017-07-27,90.0,91.07,89.7,90.8,,2491289.0,225419428.0,,,
2017-07-28,89.43,90.67,89.05,90.3,,2946277.0,265270647.0,,,
2017-07-31,90.07,90.5,89.45,89.68,,2369760.0,212926787.0,,,
2017-08-01,90.16,90.85,88.97,90.54,,2118605.0,191014749.0,,,
2017-08-02,90.63,90.66,89.25,89.63,,1993657.0,179150528.0,,,
2017-08-03,89.33,90.64,89.17,90.55,,2166248.0,195460989.0,,,
2017-08-04,90.26,91.65,90.15,91.44,,2066141.0,188249280.0,,,
2017-08-07,91.46,91.51,90.36,90.66,,1618196.0,146836466.0,,,
2017-08-08,90.22,91.2,90.18,90.82,,1747540.0,158617010.0,,,
2017-08-09,90.08,90.38,89.35,89.93,,2100884.0,188909364.0,,,
2017-08-10,90.0,90.09,88.77,88.99,,2104156.0,187572130.0,,,
2017-08-11,88.43,88.67,87.94,88.43,,2185600.0,192931468.0,,,
2017-08-14,88.79,90.12,88.72,89.84,,1708144.0,153210846.0,,,
2017-08-15,89.99,90.34,89.67,90.0,,1001236.0,90109454.0,,,
2017-08-16,90.57,90.93,90.31,90.35,,1470281.0,133108549.0,,,
2017-08-17,89.96,90.4,89.61,89.87,,1610609.0,144899522.0,,,
2017-08-18,89.13,89.45,88.8,89.24,,2472903.0,220452009.0,,,
2017-08-21,88.77,89.19,88.44,88.67,,1385377.0,122907865.0,,,
2017-08-22,89.25,89.86,89.07,89.59,,1640149.0,146798712.0,,,
2017-08-23,89.59,89.81,89.17,89.28,,1249126.0,111686901.0,,,
2017-08-24,89.66,89.71,88.54,88.58,,1506710.0,133884768.0,,,
2017-08-25,88.63,89.07,88.35,88.35,,1208367.0,107145488.0,,,
2017-08-28,87.6,88.61,86.9,87.85,,1568953.0,137846794.0,,,
2017-08-29,87.14,87.55,86.24,87.14,,2343039.0,203625381.0,,,
2017-08-30,87.56,87.76,87.18,87.53,,1302212.0,113941922.0,,,
2017-08-31,88.22,88.6,87.73,88.1,,1939933.0,170862658.0,,,
2017-09-01,88.36,89.01,88.12,88.6,,1890956.0,167635043.0,,,
2017-09-04,88.0,88.37,87.76,87.88,,924496.0,81338781.0,,,
2017-09-05,88.05,88.7,87.68,88.21,,1542382.0,136188213.0,,,
2017-09-06,87.66,88.9,87.27,88.65,,1899065.0,167652038.0,,,
2017-09-07,89.21,90.21,89.05,90.11,,2271393.0,204167416.0,,,
2017-09-08,89.92,90.64,89.51,90.54,,1487631.0,134379974.0,,,
2017-09-11,91.11,91.83,91.09,91.78,,1911523.0,175133027.0,,,
2017-09-12,92.09,92.29,91.77,91.85,,1749346.0,160873084.0,,,
2017-09-13,91.5,92.28,91.32,92.28,,1875512.0,172627099.0,,,
2017-09-14,91.88,92.24,91.33,91.93,,2152609.0,197715584.0,,,
2017-09-15,91.52,92.24,91.35,92.01,,7224626.0,663999504.0,,,
2017-09-18,92.5,92.71,91.86,92.11,,1258915.0,115989089.0,,,
2017-09-19,92.17,92.46,91.83,91.9,,1335493.0,122944545.0,,,
2017-09-20,91.63,92.01,91.39,91.84,,1167514.0,107196932.0,,,
2017-09-21,92.11,92.17,91.48,91.74,,1270263.0,116625578.0,,,
2017-09-22,91.77,92.45,91.7,92.09,,1389178.0,127982790.0,,,
2017-09-25,91.8,92.48,91.71,91.88,,1187213.0,109278015.0,,,
2017-09-26,91.51,91.99,91.22,91.42,,1439834.0,131780794.0,,,
2017-09-27,91.5,91.98,91.46,91.66,,1351146.0,123866714.0,,,
2017-09-28,91.71,92.21,91.69,92.18,,1241513.0,114296589.0,,,
2017-09-29,92.18,92.69,91.96,92.69,,2618209.0,242092555.0,,,
2017-10-02,93.0,94.1,92.92,94.08,,1780673.0,166969594.0,,,
2017-10-04,94.25,94.32,93.44,93.79,,1898469.0,178120698.0,,,
2017-10-05,93.67,94.37,93.65,94.33,,1338338.0,126011643.0,,,
2017-10-06,94.54,94.58,93.81,94.3,,1441473.0,135792829.0,,,
2017-10-09,94.5,95.45,94.45,95.45,,1537118.0,146254096.0,,,
2017-10-10,95.4,95.94,94.72,95.03,,1385754.0,132057689.0,,,
2017-10-11,95.07,95.09,94.53,94.82,,1233059.0,116931445.0,,,
2017-10-12,95.02,95.37,94.41,95.18,,1423823.0,135291811.0,,,
2017-10-13,95.19,95.47,94.71,95.12,,1203418.0,114442547.0,,,
2017-10-16,95.3,95.34,94.51,94.63,,1142648.0,108279285.0,,,
2017-10-17,94.51,94.85,94.21,94.52,,1366631.0,129189269.0,,,
2017-10-18,94.95,95.83,94.44,95.01,,1625481.0,154559982.0,,,
2017-10-19,92.91,95.84,92.27,95.6,,4625999.0,436203311.0,,,
2017-10-20,96.14,96.49,94.74,95.22,,3023873.0,288263296.0,,,
2017-10-23,95.25,96.26,94.98,95.99,,1630849.0,156344933.0,,,
2017-10-24,95.8,96.18,94.83,95.33,,2030428.0,193738516.0,,,
2017-10-25,95.1,96.22,94.77,95.49,,1801441.0,172138351.0,,,
2017-10-26,95.5,97.49,94.61,97.26,,2773831.0,267513176.0,,,
2017-10-27,97.87,98.61,97.63,98.32,,2482288.0,243916724.0,,,
2017-10-30,98.13,98.32,97.53,97.66,,1525390.0,149076485.0,,,
2017-11-01,98.87,100.7,98.64,100.35,,2883252.0,288343457.0,,,
2017-11-02,100.1,100.45,98.4,98.79,,3138965.0,311467548.0,,,
2017-11-03,98.79,99.13,98.4,98.85,,2471097.0,244216088.0,,,
2017-11-06,98.97,99.74,98.92,99.55,,1429833.0,142186743.0,,,
2017-11-07,99.4,99.71,98.4,98.49,,2188992.0,216346824.0,,,
2017-11-08,98.9,99.25,98.06,98.5,,1929337.0,190188003.0,,,
2017-11-09,98.74,99.05,96.48,96.78,,2461805.0,239361986.0,,,
2017-11-10,96.78,97.51,96.15,96.26,,2050239.0,198228912.0,,,
2017-11-13,96.31,96.51,94.96,95.96,,1652064.0,158125704.0,,,
2017-11-14,96.47,96.58,95.7,96.07,,1688691.0,162350661.0,,,
2017-11-15,95.43,96.16,95.12,95.96,,1801838.0,172310509.0,,,
2017-11-16,96.2,96.6,95.73,96.34,,1413080.0,136069370.0,,,
2017-11-17,96.59,97.01,96.18,96.51,,2285562.0,220798199.0,,,
2017-11-20,95.77,97.2,95.76,97.0,,1402144.0,135584438.0,,,
2017-11-21,96.84,98.45,96.44,98.25,,1750996.0,171326936.0,,,
2017-11-22,97.93,97.94,96.38,96.57,,1711131.0,165959457.0,,,
2017-11-23,95.84,96.72,95.47,96.72,,1255863.0,121007050.0,,,
2017-11-24,96.82,97.98,96.21,97.25,,1274547.0,123879376.0,,,
2017-11-27,97.17,97.75,96.76,97.02,,1383823.0,134411424.0,,,
2017-11-28,97.24,97.99,96.81,97.13,,1390440.0,135372969.0,,,
2017-11-29,97.87,97.96,94.96,95.34,,2331358.0,224166518.0,,,
2017-11-30,95.34,96.17,94.65,94.65,,3631786.0,344819187.0,,,
2017-12-01,95.09,95.11,92.81,93.17,,3130812.0,293083715.0,,,
2017-12-04,94.27,95.09,93.67,94.35,,2131835.0,201118811.0,,,
2017-12-05,94.2,94.75,93.2,94.56,,2063502.0,194328313.0,,,
2017-12-06,93.36,95.27,93.03,95.0,,1955948.0,184378787.0,,,
2017-12-07,95.45,95.67,94.51,95.11,,1572775.0,149561189.0,,,
2017-12-08,96.11,97.11,95.54,95.54,,2528295.0,242947614.0,,,
2017-12-11,95.52,95.55,94.37,94.7,,1442357.0,136724793.0,,,
2017-12-12,95.0,96.33,94.71,96.19,,1730790.0,165978857.0,,,
2017-12-13,95.72,96.54,95.57,96.06,,1388581.0,133324470.0,,,
2017-12-14,95.5,97.49,95.33,96.77,,2596208.0,250819079.0,,,
2017-12-15,96.2,97.35,95.53,97.35,,7562793.0,732365397.0,,,
2017-12-18,97.85,98.84,97.65,98.49,,1962959.0,193207973.0,,,
2017-12-19,98.65,98.81,97.01,97.02,,1512590.0,147634258.0,,,
2017-12-20,97.29,97.48,94.73,95.0,,2240968.0,214097913.0,,,
2017-12-21,95.1,95.62,94.34,95.36,,1863466.0,177294298.0,,,
2017-12-22,95.01,95.41,94.58,94.58,,1585328.0,150272234.0,,,
2017-12-27,94.55,95.21,94.03,94.98,,1425624.0,135024896.0,,,
2017-12-28,94.81,95.04,93.71,93.89,,1312602.0,123592823.0,,,
2017-12-29,94.14,94.23,93.14,93.45,,1289163.0,120704746.0,,,
2018-01-02,93.35,93.95,92.12,92.8,,2334984.0,216571734.0,,,
2018-01-03,93.0,94.65,92.63,94.07,,2346852.0,219877195.0,,,
2018-01-11,,93.74,91.04,91.43,,4274991.0,393498865.0,,,
2018-01-12,,91.47,90.27,90.73,,3437210.0,312013502.0,,,
2018-01-15,,90.61,89.71,90.06,,2053812.0,185176806.0,,,
2018-01-16,,92.75,90.05,90.97,,2964495.0,271099416.0,,,
2018-01-17,,90.9,89.86,90.47,,2829909.0,255795893.0,,,
2018-01-18,,91.65,90.26,91.18,,2465389.0,224391385.0,,,
2018-01-19,,92.46,91.16,92.3,,3322023.0,305909883.0,,,
2018-01-22,,92.36,91.34,91.78,,1925206.0,176729837.0,,,
2018-01-23,,93.48,92.5,92.91,,2512030.0,233501272.0,,,
2018-01-24,,93.19,92.27,92.27,,2778543.0,257240170.0,,,
2018-01-25,,92.24,90.33,90.8,,3056036.0,278676839.0,,,
2018-01-26,,91.86,90.55,91.72,,2043138.0,186855231.0,,,
2018-01-29,,92.33,90.94,92.09,,2300555.0,211272728.0,,,
2018-01-30,,93.08,89.57,90.13,,4982722.0,452735856.0,,,
2018-01-31,,90.85,89.32,90.83,,3511792.0,317846500.0,,,
2018-02-01,,91.88,89.4,89.79,,3262345.0,295282352.0,,,
2018-02-02,,89.25,88.0,88.0,,3560357.0,315047841.0,,,
2018-02-05,,87.89,86.54,87.44,,3817294.0,332827481.0,,,
2018-02-06,,86.35,83.5,85.29,,6703229.0,573207064.0,,,
2018-02-07,,86.7,85.37,86.28,,4015307.0,345422851.0,,,
2018-02-08,,85.78,83.63,84.08,,4560804.0,386455061.0,,,
2018-02-09,,84.46,82.19,82.86,,5529684.0,460180896.0,,,
2018-02-12,,84.39,83.28,83.28,,3376948.0,282723623.0,,,
2018-02-13,,83.45,82.42,82.8,,3256811.0,269853478.0,,,
2018-02-14,,84.35,82.45,83.7,,4016728.0,335901404.0,,,
2018-02-15,,84.84,83.33,83.86,,2724883.0,229133305.0,,,
2018-02-16,,84.85,83.93,84.31,,3611138.0,304458389.0,,,
2018-02-19,,84.67,83.57,83.86,,2058197.0,172760405.0,,,
2018-02-20,,84.72,83.44,84.51,,2456140.0,207119063.0,,,
2018-02-21,,84.69,83.74,84.5,,2643720.0,222921904.0,,,
2018-02-22,,84.77,83.01,84.5,,2436128.0,204684637.0,,,
2018-02-23,,84.9,83.88,84.52,,2323106.0,196136937.0,,,
2018-02-26,,85.61,84.35,84.85,,2487095.0,211087271.0,,,
2018-02-27,,86.22,84.93,85.45,,3211988.0,274714490.0,,,
2018-02-28,,86.58,85.29,86.2,,3458333.0,297650530.0,,,
2018-03-01,,85.55,83.3,84.1,,4603441.0,388162490.0,,,
2018-03-02,,83.25,82.05,82.47,,4537415.0,374417779.0,,,
2018-03-05,,84.5,82.08,84.23,,3512341.0,294222728.0,,,
2018-03-06,,85.27,84.44,84.55,,2548696.0,215884113.0,,,
2018-03-07,,86.99,84.16,86.68,,4084346.0,351841475.0,,,
2018-03-08,,88.13,86.33,87.86,,3596742.0,314412465.0,,,
2018-03-09,,88.55,87.41,88.39,,2802206.0,246899185.0,,,
2018-03-12,,89.38,87.78,88.37,,2011463.0,177988635.0,,,
2018-03-13,,88.89,86.9,87.42,,3088073.0,271374660.0,,,
2018-03-14,,87.84,86.73,87.24,,2577109.0,224859878.0,,,
2018-03-15,,88.31,86.96,87.9,,3153212.0,276921927.0,,,
2018-03-16,,88.7,87.27,87.35,,11629531.0,1018745681.0,,,
2018-03-19,,87.08,85.37,85.79,,3101052.0,266782141.0,,,
2018-03-20,,85.91,84.76,85.4,,2939027.0,250430572.0,,,
2018-03-21,,85.99,84.97,85.85,,2191215.0,187682780.0,,,
2018-03-22,,85.69,84.66,85.15,,3383130.0,288228842.0,,,
2018-03-23,,84.65,83.18,84.07,,4022805.0,337729661.0,,,
2018-03-26,,84.74,82.52,82.98,,2852736.0,238460363.0,,,
2018-03-27,,84.96,83.74,84.78,,3064758.0,259225541.0,,,
2018-03-28,,84.89,83.01,84.42,,3451072.0,290321624.0,,,
2018-03-29,,85.76,83.83,84.97,,3404637.0,288963673.0,,,
2018-04-03,,84.95,83.45,84.25,,3191205.0,268795155.0,,,
2018-04-04,,84.06,82.88,84.06,,3095131.0,258917793.0,,,
2018-04-05,,86.66,85.1,86.66,,3158815.0,272326361.0,,,
2018-04-06,,86.79,85.86,86.47,,2465087.0,213066136.0,,,
2018-04-09,,87.82,86.8,87.37,,2503994.0,218861558.0,,,
2018-04-10,,88.15,86.96,87.51,,1941766.0,169951112.0,,,
2018-04-11,,87.12,86.33,86.84,,1797529.0,155922378.0,,,
2018-04-12,,87.81,86.4,87.74,,2086605.0,182216903.0,,,
2018-04-13,,88.41,87.46,87.97,,1960084.0,172384932.0,,,
2018-04-16,,88.26,87.13,87.2,,1509727.0,132083475.0,,,
2018-04-17,,88.87,86.97,88.46,,2543745.0,224465084.0,,,
2018-04-18,,89.11,87.87,88.54,,2101965.0,186125227.0,,,
2018-04-19,,88.66,87.39,87.71,,2124598.0,186983937.0,,,
2018-04-20,,87.67,86.36,86.52,,5270412.0,457335855.0,,,
2018-04-23,,87.2,85.83,87.15,,2054614.0,178434955.0,,,
2018-04-24,,90.92,89.2,90.21,,6003527.0,541556535.0,,,
2018-04-25,,90.61,88.34,89.14,,3351233.0,299353346.0,,,
2018-04-26,,90.48,88.95,90.33,,2787701.0,250815024.0,,,
2018-04-27,,92.28,90.04,92.02,,3808489.0,349243679.0,,,
2018-04-30,,92.45,91.29,92.42,,2616577.0,241227244.0,,,
2018-05-02,,94.19,92.53,93.85,,3471269.0,325177607.0,,,
2018-05-03,,94.39,93.33,93.95,,2407417.0,225976336.0,,,
2018-05-04,,95.44,94.08,95.44,,2610513.0,247889810.0,,,
2018-05-07,,96.28,94.89,96.0,,1898674.0,181945351.0,,,
2018-05-08,,96.67,95.65,96.51,,1987752.0,191348403.0,,,
2018-05-09,,97.0,96.03,96.74,,2450649.0,236833343.0,,,
2018-05-10,,97.61,96.4,97.54,,1863553.0,181169234.0,,,
2018-05-11,,97.9,96.64,97.42,,2464833.0,239687623.0,,,
2018-05-14,,97.42,96.47,96.85,,1863791.0,180555429.0,,,
2018-05-15,,96.44,95.04,95.5,,3044566.0,291391464.0,,,
2018-05-16,,96.5,95.45,96.17,,2270457.0,218150383.0,,,
2018-05-17,,97.17,95.72,96.95,,2679716.0,259113585.0,,,
2018-05-18,,96.12,95.21,95.85,,3735841.0,357628294.0,,,
2018-05-22,,96.56,95.4,96.11,,2341480.0,224943609.0,,,
2018-05-23,,96.42,95.25,96.42,,2947963.0,283023897.0,,,
2018-05-24,,97.55,96.31,96.84,,3043284.0,295077920.0,,,
2018-05-25,,97.92,97.03,97.83,,2793208.0,272693813.0,,,
2018-05-28,,98.28,96.34,96.64,,1968790.0,191107735.0,,,
2018-05-29,,96.12,94.76,95.33,,3773526.0,359954774.0,,,
2018-05-30,,96.41,95.3,96.18,,2573071.0,246836760.0,,,
2018-05-31,,96.94,95.8,96.34,,3386416.0,326268147.0,,,
2018-06-01,,98.03,96.72,97.33,,2879694.0,280447021.0,,,
2018-06-04,,98.04,96.67,97.79,,1541129.0,150368438.0,,,
2018-06-05,,99.84,97.45,99.0,,3108099.0,307941738.0,,,
2018-06-06,,99.96,98.27,99.07,,3148530.0,312026017.0,,,
2018-06-07,,99.99,98.99,99.62,,2546633.0,253703517.0,,,
2018-06-08,,100.5,98.53,100.44,,2728772.0,272647483.0,,,
2018-06-11,,101.94,100.5,101.78,,2792398.0,283522019.0,,,
2018-06-12,,102.62,101.76,101.98,,2389139.0,243988686.0,,,
2018-06-13,,103.52,102.04,102.82,,2592730.0,266681282.0,,,
2018-06-14,,104.54,101.56,104.3,,4218256.0,435775024.0,,,
2018-06-15,,105.28,103.74,103.78,,9203429.0,958754541.0,,,
2018-06-18,,103.36,101.86,102.5,,2133921.0,218785614.0,,,
2018-06-19,,101.88,99.94,101.74,,3237111.0,327379949.0,,,
2018-06-20,,103.06,101.78,102.72,,2558591.0,262350906.0,,,
2018-06-21,,103.28,101.26,101.42,,2341860.0,238688300.0,,,
2018-06-22,,101.5,99.87,100.9,,2218270.0,223623294.0,,,
2018-06-25,,100.78,98.6,98.6,,2967070.0,294604652.0,,,
2018-06-26,,99.42,98.39,98.59,,2452073.0,242320721.0,,,
2018-06-27,,100.5,97.75,99.95,,2516617.0,250102729.0,,,
2018-06-28,,100.06,96.77,97.28,,3492285.0,341219717.0,,,
2018-06-29,,99.23,97.93,98.95,,2975506.0,294089438.0,,,
2018-07-02,,98.88,97.45,98.3,,2079677.0,204443069.0,,,
2018-07-03,,99.92,98.83,99.06,,1869784.0,185458745.0,,,
2018-07-04,,98.8,97.54,97.81,,1490026.0,146066795.0,,,
2018-07-05,,99.26,97.74,99.17,,2242900.0,221706413.0,,,
2018-07-06,,99.98,98.72,99.45,,2184204.0,216695755.0,,,
2018-07-09,,101.5,99.69,101.38,,2140416.0,216198978.0,,,
2018-07-10,,102.26,100.82,102.18,,1898444.0,193189140.0,,,
2018-07-11,,101.44,100.04,100.48,,2231014.0,224360038.0,,,
2018-07-12,,101.92,100.58,101.88,,1746937.0,177281571.0,,,
2018-07-13,,103.38,101.84,102.78,,2000564.0,205391274.0,,,
2018-07-16,,103.3,102.04,102.64,,1273286.0,130668868.0,,,
2018-07-17,,103.88,101.66,103.8,,1943590.0,200473962.0,,,
2018-07-18,,105.08,104.04,104.68,,2078557.0,217449980.0,,,
2018-07-19,,104.26,100.8,100.98,,3850730.0,392939935.0,,,
2018-07-20,,102.4,99.57,99.99,,4663920.0,469499492.0,,,
2018-07-23,,100.1,99.43,99.64,,1873272.0,186893480.0,,,
2018-07-24,,101.86,99.66,100.9,,2233043.0,225440629.0,,,
2018-07-25,,101.32,100.34,101.0,,1845506.0,186271117.0,,,
2018-07-26,,103.24,101.66,103.24,,2587040.0,265587657.0,,,
2018-07-27,,104.06,102.94,103.14,,1794644.0,185484324.0,,,
2018-07-30,,102.86,100.2,100.2,,1620245.0,163621357.0,,,
2018-07-31,,100.34,99.16,99.85,,2727085.0,272041284.0,,,
2018-08-01,,100.04,99.02,99.54,,1898971.0,189050671.0,,,
2018-08-02,,99.58,98.54,99.09,,2235056.0,221448758.0,,,
2018-08-03,,99.88,99.03,99.77,,1630363.0,162369343.0,,,
2018-08-06,,100.96,99.27,99.86,,1550121.0,154946501.0,,,
2018-08-07,,101.06,99.38,99.39,,1826797.0,182486987.0,,,
2018-08-08,,100.74,99.21,100.38,,1812842.0,181631501.0,,,
2018-08-09,,100.64,99.3,100.3,,1372980.0,137505102.0,,,
2018-08-10,,99.76,98.04,98.65,,2870713.0,283234164.0,,,
2018-08-13,,100.82,98.99,100.1,,1904698.0,190604087.0,,,
2018-08-14,,101.0,99.65,100.36,,1429034.0,143427006.0,,,
2018-08-15,,101.16,99.06,99.3,,2300498.0,229370344.0,,,
2018-08-16,,102.42,100.04,102.06,,2664013.0,270828394.0,,,
2018-08-17,,102.08,100.94,101.98,,1753722.0,178362886.0,,,
2018-08-20,,103.12,101.76,102.6,,1315440.0,134955408.0,,,
2018-08-21,,102.9,102.08,102.32,,1413522.0,144819031.0,,,
2018-08-22,,102.86,101.92,102.54,,1313977.0,134598491.0,,,
2018-08-23,,103.94,102.7,103.54,,1452137.0,150398390.0,,,
2018-08-24,,103.98,103.1,103.98,,1244897.0,129123762.0,,,
2018-08-27,,104.9,104.14,104.7,,1166752.0,122000594.0,,,
2018-08-28,,104.96,104.3,104.44,,1526664.0,159582008.0,,,
2018-08-29,,104.88,104.24,104.54,,1319862.0,137988821.0,,,
2018-08-30,,104.5,103.22,104.28,,1784078.0,185565316.0,,,
2018-08-31,,103.94,102.74,103.62,,2190787.0,226775491.0,,,
2018-09-03,,103.76,102.94,103.64,,915510.0,94769875.0,,,
2018-09-04,,103.98,101.76,102.4,,1807374.0,185297454.0,,,
2018-09-05,,102.36,99.22,99.22,,2784927.0,278728072.0,,,
2018-09-06,,100.12,98.57,98.76,,2436139.0,241676903.0,,,
2018-09-07,,100.56,99.31,100.56,,2801851.0,280429769.0,,,
2018-09-10,,102.02,100.42,101.98,,2272017.0,230806518.0,,,
2018-09-11,,103.0,101.62,102.84,,1944390.0,199332237.0,,,
2018-09-12,,104.2,102.92,104.2,,1737934.0,180364499.0,,,
2018-09-13,,104.62,103.54,103.7,,1947300.0,202374906.0,,,
2018-09-14,,104.28,103.42,104.2,,1507865.0,156828978.0,,,
2018-09-17,,104.2,102.4,102.9,,2062722.0,212410532.0,,,
2018-09-18,,103.2,101.58,103.2,,2157780.0,221435312.0,,,
2018-09-19,,103.0,101.94,102.14,,1676623.0,171410937.0,,,
2018-09-20,,102.08,100.88,101.64,,2872169.0,291643289.0,,,
2018-09-21,,104.1,101.72,104.1,,7407942.0,767207918.0,,,
2018-09-24,,104.1,102.9,103.46,,2071834.0,214484597.0,,,
2018-09-25,,107.14,103.38,107.0,,2469719.0,261701389.0,,,
2018-09-26,,108.52,107.02,107.8,,2430653.0,261986882.0,,,
2018-09-27,,108.16,106.92,107.8,,1913077.0,206174273.0,,,
2018-09-28,,108.34,105.64,106.0,,3050317.0,324860229.0,,,
2018-10-01,,106.8,105.68,106.68,,1526744.0,162450487.0,,,
2018-10-02,,107.02,105.22,106.06,,2078430.0,220098268.0,,,
2018-10-04,,106.9,105.06,106.08,,2271727.0,240646690.0,,,
2018-10-05,,106.12,104.22,104.22,,2027373.0,212158325.0,,,
2018-10-08,,104.24,101.72,102.04,,2221057.0,227645409.0,,,
2018-10-09,,104.3,101.98,103.8,,2391236.0,246665815.0,,,
2018-10-10,,103.96,98.71,98.71,,3586189.0,359058674.0,,,
2018-10-11,,98.78,94.14,97.08,,5210537.0,504713553.0,,,
2018-10-12,,99.89,97.43,98.07,,4027769.0,396713497.0,,,
2018-10-15,,98.67,96.93,98.01,,2063137.0,201588610.0,,,
2018-10-16,,101.02,97.44,100.96,,2823038.0,281804919.0,,,
2018-10-17,,102.92,99.61,100.34,,2842051.0,286521095.0,,,
2018-10-18,,98.87,94.38,94.38,,6853511.0,658582252.0,,,
2018-10-19,,96.1,93.14,95.3,,5046374.0,477623671.0,,,
2018-10-22,,96.71,94.57,94.99,,2354282.0,224978325.0,,,
2018-10-23,,93.93,91.84,92.6,,3639614.0,337654688.0,,,
2018-10-24,,94.13,91.62,91.68,,2717364.0,251528120.0,,,
2018-10-25,,93.8,89.29,93.68,,3499846.0,323241282.0,,,
2018-10-26,,93.03,90.56,92.99,,3687425.0,340233878.0,,,
2018-10-29,,93.9,92.19,92.63,,2365079.0,220008058.0,,,
2018-10-30,,93.29,91.38,92.61,,2284718.0,211119610.0,,,
2018-10-31,,95.37,93.15,94.66,,3823539.0,361341170.0,,,
2018-11-01,,95.11,92.94,93.46,,2660127.0,249444135.0,,,
2018-11-02,,95.5,93.76,94.39,,2747881.0,259926460.0,,,
2018-11-05,,94.96,93.59,93.78,,1560961.0,146994494.0,,,
2018-11-06,,94.17,92.73,93.42,,2045445.0,191072565.0,,,
2018-11-07,,94.82,93.2,94.62,,1936607.0,182784994.0,,,
2018-11-08,,95.27,94.04,94.33,,1891495.0,178921384.0,,,
2018-11-09,,95.33,93.94,95.17,,2394966.0,227174869.0,,,
2018-11-12,,93.5,89.78,89.8,,5416689.0,492057127.0,,,
2018-11-13,,92.31,90.03,91.88,,4237369.0,386925362.0,,,
2018-11-14,,93.28,90.4,91.94,,2432761.0,223533229.0,,,
2018-11-15,,92.81,91.2,92.15,,2184225.0,201135404.0,,,
2018-11-16,,93.18,90.74,91.7,,3342852.0,306736721.0,,,
2018-11-19,,92.37,88.51,88.95,,3119886.0,279882325.0,,,
2018-11-20,,89.12,86.21,88.04,,3398817.0,298775943.0,,,
2018-11-21,,89.65,88.15,89.3,,2427612.0,216319337.0,,,
2018-11-22,,89.43,88.24,88.52,,2000725.0,177333356.0,,,
2018-11-23,,89.65,87.92,89.35,,1970967.0,175269756.0,,,
2018-11-26,,90.53,89.65,90.0,,2209319.0,198965292.0,,,
2018-11-27,,90.62,89.21,90.19,,1790771.0,161215319.0,,,
2018-11-28,,91.33,90.38,90.83,,2129459.0,193608207.0,,,
2018-11-29,,92.35,91.04,91.1,,2404207.0,220109356.0,,,
2018-11-30,,91.99,90.83,90.92,,2860293.0,260506720.0,,,
2018-12-03,,93.14,92.29,92.51,,,,,,
2018-12-04,,92.65,91.72,91.95,,,,,,
2018-12-05,,90.87,89.88,90.31,,,,,,
2018-12-06,,89.17,87.47,87.92,,,,,,
2018-12-10,,89.85,88.25,88.46,,,,,,
2018-12-11,,90.92,89.03,89.85,,,,,,
2018-12-12,,91.77,89.81,91.23,,,,,,
2018-12-13,,91.65,90.18,90.78,,,,,,
2018-12-14,,90.43,89.1,89.94,,,,,,
2018-12-17,,89.82,87.78,88.66,,,,,,
2018-12-18,,89.12,87.73,87.75,,,,,,
2018-12-19,,89.57,87.71,89.22,,,,,,
2018-12-20,,88.94,87.43,87.77,,,,,,
2018-12-21,,87.98,85.7,86.42,,,,,,
2018-12-27,,87.14,84.68,85.79,,,,,,
2018-12-28,,87.53,86.0,86.93,,,,,,
2019-01-02,,87.4,85.69,87.01,,,,,,
2019-01-03,,85.76,83.95,84.31,,,,,,
2019-01-04,,86.78,84.04,86.44,,,,,,
2019-01-07,,87.2,86.04,86.62,,,,,,
2019-01-08,,88.81,86.66,87.97,,,,,,
2019-01-09,,89.85,88.02,89.18,,,,,,
2019-01-10,,89.7,88.33,89.44,,,,,,
2019-01-11,,89.41,88.22,89.0,,,,,,
2019-01-14,,88.28,87.58,88.07,,,,,,
2019-01-15,,89.47,87.89,89.3,,,,,,
2019-01-17,,90.68,88.97,90.48,,,,,,
2019-01-18,,93.33,90.91,93.1,,,,,,
2019-01-21,,93.43,91.97,91.97,,,,,,
2019-01-22,,92.29,90.75,91.36,,,,,,
2019-01-23,,92.3,90.53,91.6,,,,,,
2019-01-24,,93.15,91.48,92.49,,,,,,
2019-01-25,,93.92,92.66,92.66,,,,,,
2019-01-28,,92.98,92.09,92.36,,,,,,
2019-01-29,,91.39,89.56,89.81,,,,,,
2019-01-30,,89.85,88.41,88.83,,,,,,
2019-01-31,,90.25,89.0,90.25,,,,,,
2019-02-01,,91.08,89.96,90.79,,,,,,
2019-02-04,,90.97,89.92,90.97,,,,,,
2019-02-05,,92.98,90.59,92.9,,,,,,
2019-02-06,,93.42,92.7,92.91,,,,,,
2019-02-07,,93.1,90.96,90.96,,,,,,
2019-02-08,,92.34,90.55,91.66,,,,,,
2019-02-11,,92.97,91.5,92.47,,,,,,
2019-02-12,,93.37,92.28,92.4,,,,,,
2019-02-13,,94.09,92.39,93.36,,,,,,
2019-02-14,,94.56,93.4,93.56,,1830496.0,171773477.0,,,
2019-02-15,,94.99,92.68,94.3,,2376135.0,223650562.0,,,
2019-02-18,,94.75,94.06,94.21,,1102954.0,104010036.0,,,
2019-02-19,,95.03,93.63,94.02,,1457972.0,137231933.0,,,
2019-02-20,,94.63,93.92,94.45,,1407318.0,132806703.0,,,
2019-02-21,,94.88,94.2,94.77,,1638640.0,155141003.0,,,
2019-02-22,,95.72,94.81,95.41,,1779721.0,169804420.0,,,
2019-02-25,,95.9,94.69,94.98,,1484217.0,141034806.0,,,
2019-02-26,,94.65,93.51,94.52,,1892686.0,178210629.0,,,
2019-02-27,,94.43,93.32,93.81,,1573766.0,147577834.0,,,
2019-02-28,,94.26,92.6,94.2,,2136184.0,200831673.0,,,
2019-03-01,,95.01,94.31,94.89,,1749562.0,165854581.0,,,
2019-03-04,,95.9,94.65,94.68,,1175316.0,111726532.0,,,
2019-03-05,,95.44,94.38,95.37,,1384275.0,131665493.0,,,
2019-03-06,,95.95,94.96,95.2,,1288079.0,122812499.0,,,
2019-03-07,,95.98,94.59,95.32,,2153180.0,205195252.0,,,
2019-03-08,,95.69,94.28,95.6,,1885166.0,179604809.0,,,
2019-03-11,,95.96,94.74,95.84,,1538735.0,146988675.0,,,
2019-03-12,,96.0,95.04,95.6,,1650259.0,157709560.0,,,
2019-03-13,,96.66,95.57,96.4,,2514742.0,242094727.0,,,
2019-03-14,,97.16,95.98,97.0,,2086930.0,201767032.0,,,
2019-03-15,,99.4,97.1,99.35,,7301998.0,721660526.0,,,
2019-03-18,,99.68,98.37,98.85,,1649618.0,163042600.0,,,
2019-03-19,,100.22,98.75,100.14,,1780112.0,177665243.0,,,
2019-03-20,,100.8,99.83,100.1,,2488618.0,249335811.0,,,
2019-03-21,,100.28,99.06,100.1,,1783181.0,178084224.0,,,
2019-03-22,,100.94,98.62,98.68,,2673512.0,265324710.0,,,
2019-03-25,,98.89,97.36,98.64,,1708697.0,168216607.0,,,
2019-03-26,,100.86,98.85,100.86,,2169402.0,217698175.0,,,
2019-03-27,,101.28,100.04,100.24,,2139758.0,214905022.0,,,
2019-03-28,,102.06,100.5,101.44,,2113641.0,214519642.0,,,
2019-03-29,,103.4,102.06,103.0,,2495406.0,256614646.0,,,
2019-04-01,,103.64,102.82,103.0,,2084518.0,214793346.0,,,
2019-04-02,,103.5,102.88,103.1,,1546912.0,159542128.0,,,
2019-04-03,,104.18,103.32,103.84,,2029689.0,210696935.0,,,
2019-04-04,,104.88,103.64,103.64,,2248473.0,234126725.0,,,
2019-04-05,,102.98,101.68,102.5,,2909137.0,297800599.0,,,
2019-04-08,,101.88,100.26,101.88,,2674479.0,271032421.0,,,
2019-04-09,,99.97,97.79,98.38,,3596866.0,355508393.0,,,
2019-04-10,,100.0,98.33,99.7,,2276733.0,226593530.0,,,
2019-04-11,,100.1,99.29,99.67,,1782098.0,177707803.0,,,
2019-04-12,,100.18,99.13,99.39,,1668823.0,166203983.0,,,
2019-04-15,,99.78,99.01,99.76,,1294138.0,128810615.0,,,
2019-04-16,,100.08,98.95,99.47,,1781291.0,177203204.0,,,
2019-04-17,,100.06,97.77,99.37,,2283564.0,226352581.0,,,
2019-04-18,,101.02,99.22,100.48,,3944639.0,396154762.0,,,
2019-04-23,,102.14,100.5,101.84,,2144933.0,217833876.0,,,
2019-04-24,,116.32,106.92,114.62,,8635777.0,967868800.0,,,
2019-04-25,,115.2,111.7,115.04,,4612262.0,527404056.0,,,
2019-04-26,115.34,117.08,114.1,114.34,,3778974.0,436315552.0,,,
2019-04-29,113.72,115.0,111.76,115.0,,2241297.0,255762576.0,,,
2019-04-30,114.2,115.2,113.24,114.58,,2576082.0,294426624.0,,,
2019-05-02,113.6,114.0,112.44,113.1,,2984610.0,337832160.0,,,
2019-05-03,112.6,113.66,112.32,113.66,,2209498.0,250216256.0,,,
2019-05-06,111.38,112.8,111.04,112.5,,2105594.0,236158960.0,,,
2019-05-07,112.2,113.18,109.96,110.06,,2699819.0,299070848.0,,,
2019-05-08,110.0,111.24,109.42,111.1,,2368627.0,261882032.0,,,
2019-05-09,110.1,111.7,109.56,110.08,,2681636.0,296421536.0,,,
2019-05-10,111.6,111.92,109.92,110.24,,2427404.0,268523072.0,,,
2019-05-13,110.94,111.34,109.78,109.9,,3210370.0,354312352.0,,,
2019-05-14,110.8,111.92,109.38,111.92,,3358261.0,373299072.0,,,
2019-05-15,112.86,113.28,110.66,112.96,,3704943.0,416273696.0,,,
2019-05-16,111.66,116.22,111.46,116.08,,3770718.0,432705568.0,,,
2019-05-17,115.3,115.62,113.78,114.6,,3387785.0,388711456.0,,,
2019-05-20,113.88,114.2,111.28,111.9,,2827331.0,317243328.0,,,
2019-05-21,112.82,114.54,112.32,113.76,,2226387.0,253111328.0,,,
2019-05-22,113.56,115.72,113.56,115.68,,2623657.0,301257184.0,,,
2019-05-23,114.44,114.82,112.78,113.18,,2893570.0,328394304.0,,,
2019-05-24,113.34,114.5,113.34,113.62,,1872287.0,213238160.0,,,
2019-05-27,114.22,114.46,113.38,113.72,,676763.0,77025696.0,,,
2019-05-28,113.8,114.12,112.7,113.16,,2891163.0,327441504.0,,,
2019-05-29,112.24,112.78,111.2,111.2,,2539627.0,283384640.0,,,
2019-05-30,111.58,112.22,110.92,112.0,,1120984.0,125328640.0,,,
2019-05-31,111.44,111.78,109.9,110.42,,2588784.0,285919104.0,,,
2019-06-03,109.6,111.38,109.18,111.22,,2280685.0,252856160.0,,,
2019-06-04,108.92,111.14,108.28,111.14,,2637001.0,290661920.0,,,
2019-06-05,112.24,113.92,111.48,111.96,,2471815.0,277935968.0,,,
2019-06-06,112.16,112.8,110.58,111.38,,1885826.0,210470160.0,,,
2019-06-07,112.1,114.24,112.08,113.72,,2354457.0,267202080.0,,,
2019-06-11,114.02,114.66,113.18,113.18,,2014094.0,228888032.0,,,
2019-06-12,112.38,113.58,111.96,113.32,,1840442.0,208058016.0,,,
2019-06-13,113.76,114.9,113.52,114.44,,1913057.0,218752816.0,,,
2019-06-14,114.68,114.68,113.18,113.54,,1680954.0,191134688.0,,,
2019-06-17,114.6,114.98,113.84,114.62,,1628327.0,186573040.0,,,
2019-06-18,115.0,118.22,113.58,118.16,,3314071.0,388478528.0,,,
2019-06-19,117.56,118.12,116.86,116.98,,2393016.0,280401920.0,,,
2019-06-20,118.5,119.42,118.32,118.72,,2162343.0,257025248.0,,,
2019-06-21,118.64,119.44,117.76,118.5,,8413074.0,997381632.0,,,
2019-06-24,118.5,119.24,118.26,118.82,,1792674.0,212940656.0,,,
2019-06-25,118.68,119.74,118.22,118.46,,2034657.0,241877536.0,,,
2019-06-26,117.44,118.52,116.98,118.5,,2114001.0,249637712.0,,,
2019-06-27,118.8,118.8,116.96,118.0,,1933707.0,227981744.0,,,
2019-06-28,118.32,120.76,118.26,120.76,,3600914.0,432320672.0,,,
2019-07-01,122.58,123.64,121.14,122.26,,2507852.0,306471200.0,,,
2019-07-02,122.86,123.5,121.74,123.5,,1950067.0,239815504.0,,,
2019-07-03,123.46,125.0,123.34,124.38,,2029596.0,252373056.0,,,
2019-07-04,124.86,124.98,123.48,123.76,,1195658.0,148316320.0,,,
2019-07-05,123.68,124.7,122.12,122.82,,2056605.0,253422528.0,,,
2019-07-08,122.66,123.94,122.48,123.2,,1486343.0,183236608.0,,,
2019-07-09,123.42,124.06,122.54,123.0,,2134639.0,262700848.0,,,
2019-07-10,122.98,123.04,121.36,121.9,,1812330.0,221336416.0,,,
2019-07-11,122.5,122.62,121.1,121.92,,1614771.0,196599920.0,,,
2019-07-12,121.98,122.14,120.9,121.06,,1655671.0,200775424.0,,,
2019-07-15,121.26,122.42,120.62,121.42,,1411626.0,171478016.0,,,
2019-07-16,121.44,121.64,120.32,120.98,,2004279.0,242119392.0,,,
2019-07-17,121.14,121.92,119.4,120.06,,2346564.0,282718976.0,,,
2019-07-18,110.0,114.42,108.1,113.32,,6059180.0,681715776.0,,,
2019-07-19,113.28,113.74,111.4,112.0,,3739082.0,420033344.0,,,
2019-07-22,112.0,112.48,110.96,111.24,,2076869.0,231681728.0,,,
2019-07-23,111.98,112.62,111.24,112.46,,2503598.0,280851552.0,,,
2019-07-24,112.56,114.22,112.54,113.78,,2283223.0,259602224.0,,,
2019-07-25,114.62,114.82,112.22,112.22,,3429388.0,388313280.0,,,
2019-07-26,113.3,114.34,112.6,114.1,,2064020.0,234946080.0,,,
2019-07-29,114.2,114.96,113.42,113.42,,1512146.0,172140688.0,,,
2019-07-30,113.64,113.64,110.34,110.58,,2482270.0,275837152.0,,,
2019-07-31,110.5,112.14,110.1,111.72,,2035920.0,226938512.0,,,
2019-08-01,110.62,113.18,110.56,113.18,,1916607.0,215511744.0,,,
2019-08-02,110.68,112.14,109.14,109.36,,3650556.0,401749056.0,,,
2019-08-05,108.22,108.3,105.74,106.18,,3698539.0,394386752.0,,,
2019-08-06,106.34,107.22,104.0,104.0,,2660904.0,280344736.0,,,
2019-08-07,104.66,106.76,104.5,106.2,,2848175.0,301886336.0,,,
2019-08-08,108.0,108.66,107.4,108.66,,2446102.0,264878976.0,,,
2019-08-09,108.52,109.06,105.8,106.08,,2604093.0,277466944.0,,,
2019-08-12,106.68,108.06,105.9,106.34,,1245355.0,132784448.0,,,
2019-08-13,105.92,108.66,105.44,107.62,,2310378.0,247535216.0,,,
2019-08-14,107.84,107.96,104.92,105.48,,2699332.0,285462144.0,,,
2019-08-15,106.52,106.72,104.04,105.74,,2664902.0,281581344.0,,,
2019-08-16,106.24,107.58,106.08,107.3,,2347862.0,251372928.0,,,
2019-08-19,108.56,108.7,107.48,107.98,,1641413.0,177342432.0,,,
2019-08-20,107.96,108.22,106.74,106.86,,1650077.0,176942048.0,,,
2019-08-21,107.16,109.86,106.92,109.86,,2042372.0,223245312.0,,,
2019-08-22,109.34,109.96,107.38,107.48,,2074114.0,224171344.0,,,
2019-08-23,108.5,109.26,106.38,106.38,,2333551.0,250550816.0,,,
2019-08-26,105.62,106.92,105.28,106.72,,1167023.0,124037048.0,,,
2019-08-27,107.0,109.14,106.44,108.54,,2155424.0,233166816.0,,,
2019-08-28,107.74,107.74,106.0,107.12,,1568135.0,167656400.0,,,
2019-08-29,106.82,108.8,106.6,108.38,,1648210.0,178396640.0,,,
2019-08-30,108.6,109.6,108.12,108.6,,1680992.0,182856992.0,,,
2019-09-02,108.06,108.8,107.5,108.36,,1007361.0,109054936.0,,,
2019-09-03,108.34,108.98,107.72,108.3,,1531858.0,165915632.0,,,
2019-09-04,108.92,109.44,108.54,109.22,,1660004.0,181057616.0,,,
2019-09-05,110.0,111.62,109.66,111.48,,2195946.0,244057408.0,,,
2019-09-06,111.9,112.06,110.96,111.3,,1790502.0,199523904.0,,,
2019-09-09,111.08,111.74,109.98,110.2,,1360904.0,150502592.0,,,
2019-09-10,109.7,109.84,107.5,108.74,,2132667.0,231295664.0,,,
2019-09-11,109.44,110.12,108.84,109.14,,1583581.0,173158768.0,,,
2019-09-12,109.14,110.4,108.1,109.34,,2393558.0,261541584.0,,,
2019-09-13,109.52,109.74,107.88,107.88,,2224830.0,240958528.0,,,
2019-09-16,107.16,107.2,105.74,106.48,,1912766.0,203523984.0,,,
2019-09-17,106.8,108.56,106.48,108.26,,1795910.0,194001936.0,,,
2019-09-18,108.5,108.68,107.84,108.5,,1741386.0,188754640.0,,,
2019-09-19,108.2,109.36,107.96,109.1,,1892125.0,206163552.0,,,
2019-09-20,108.84,109.86,107.64,109.86,,7274042.0,795297792.0,,,
2019-09-23,109.14,109.2,108.02,108.12,,1991289.0,215898928.0,,,
2019-09-24,108.72,109.24,108.06,108.38,,1332802.0,144777248.0,,,
2019-09-25,107.5,107.74,105.8,106.7,,1812134.0,193125008.0,,,
2019-09-26,106.64,107.94,106.52,107.5,,1896194.0,203533776.0,,,
2019-09-27,107.7,109.08,107.58,107.8,,1732433.0,187331456.0,,,
2019-09-30,107.56,108.58,106.78,107.88,,1919119.0,206938528.0,,,
2019-10-01,108.38,109.2,106.86,106.86,,1986907.0,213380064.0,,,
2019-10-02,106.88,106.88,103.34,103.34,,2804210.0,292219744.0,,,
2019-10-04,103.56,105.06,103.08,104.84,,2633484.0,274758368.0,,,
2019-10-07,104.5,104.88,103.52,104.28,,2109005.0,219759392.0,,,
2019-10-08,104.9,105.02,103.38,103.66,,1853131.0,192611104.0,,,
2019-10-09,103.14,105.9,103.06,105.9,,2151496.0,226598656.0,,,
2019-10-10,105.62,105.66,103.98,104.94,,2477881.0,259841216.0,,,
2019-10-11,113.5,115.76,112.18,115.68,,7325260.0,834680128.0,,,
2019-10-14,114.6,115.16,113.32,114.76,,2227533.0,254949280.0,,,
2019-10-15,115.0,115.96,114.28,115.48,,2776064.0,319935488.0,,,
2019-10-16,115.48,117.1,115.38,116.64,,2825092.0,329106784.0,,,
2019-10-17,116.64,117.18,115.56,116.0,,2634515.0,306482976.0,,,
2019-10-18,115.78,117.16,115.4,115.82,,2856344.0,331852928.0,,,
2019-10-21,116.24,119.48,115.36,118.74,,2556547.0,301923712.0,,,
2019-10-22,119.32,120.94,118.44,119.5,,2703659.0,324255648.0,,,
2019-10-23,117.8,118.58,117.42,118.46,,2088400.0,246672480.0,,,
2019-10-24,119.4,119.4,117.92,118.88,,1530839.0,181633712.0,,,
2019-10-25,118.98,119.22,117.88,119.22,,1421009.0,168948208.0,,,
2019-10-28,119.16,120.14,118.52,119.7,,1420196.0,169843088.0,,,
2019-10-29,119.56,119.72,118.56,118.9,,1478616.0,175924752.0,,,
2019-10-30,118.48,119.5,117.54,119.4,,1817922.0,216288144.0,,,
2019-10-31,119.1,120.16,118.2,118.8,,1949607.0,231933584.0,,,
2019-11-01,118.9,120.4,118.82,119.62,,1239631.0,148313344.0,,,
2019-11-04,120.06,121.26,119.52,120.82,,2028552.0,244956480.0,,,
2019-11-05,120.96,121.24,119.7,120.36,,2057347.0,247803424.0,,,
2019-11-06,120.12,122.08,119.94,122.08,,1861912.0,226443552.0,,,
2019-11-07,122.48,122.9,121.5,122.7,,1833254.0,224395632.0,,,
2019-11-08,122.3,123.4,121.82,123.26,,1890053.0,232530144.0,,,
2019-11-11,123.04,123.98,122.78,123.54,,1489303.0,183884496.0,,,
2019-11-12,123.52,123.9,122.7,123.34,,1462470.0,180314944.0,,,
2019-11-13,122.5,123.24,121.64,122.12,,1871907.0,228869728.0,,,
2019-11-14,122.0,122.78,121.56,121.56,,2128095.0,259466960.0,,,
2019-11-15,122.5,122.6,121.2,122.6,,2553577.0,311856640.0,,,
2019-11-18,121.56,122.38,120.76,122.06,,1947385.0,237073616.0,,,
2019-11-19,122.38,124.5,122.1,122.66,,2147243.0,264446768.0,,,
2019-11-20,122.22,122.72,121.38,122.26,,1586995.0,193719152.0,,,
2019-11-21,121.44,122.78,120.96,122.36,,2110179.0,257735872.0,,,
2019-11-22,122.24,123.66,122.16,122.8,,2160321.0,265685792.0,,,
2019-11-25,123.4,123.8,122.88,123.36,,1316990.0,162408944.0,,,
2019-11-26,123.54,123.82,122.38,122.4,,2735515.0,335481728.0,,,
2019-11-27,123.0,123.42,122.2,123.04,,1325960.0,162895936.0,,,
2019-11-28,122.42,122.74,121.9,122.52,,779668.0,95450856.0,,,
2019-11-29,121.62,123.88,121.28,123.48,,1975959.0,243589584.0,,,
2019-12-02,123.4,124.68,119.38,119.44,,2875912.0,348111072.0,,,
2019-12-03,120.58,121.2,119.6,120.16,,1901135.0,228666240.0,,,
2019-12-04,120.36,122.44,120.36,122.08,,1730025.0,210930128.0,,,
2019-12-05,122.24,122.64,121.24,121.24,,1556015.0,189260736.0,,,
2019-12-06,121.68,122.46,121.04,122.2,,1652374.0,201485440.0,,,
2019-12-09,121.94,122.44,121.5,121.94,,1375858.0,167766640.0,,,
2019-12-10,121.76,121.98,119.42,121.74,,2072356.0,250643760.0,,,
2019-12-11,121.74,122.04,120.66,121.4,,1837450.0,222855008.0,,,
2019-12-12,122.0,122.84,120.9,122.12,,2030252.0,247592992.0,,,
2019-12-13,124.06,124.54,122.38,124.16,,2589283.0,320805852.0,,,
2019-12-16,124.34,124.94,123.88,124.62,,936089.0,116480621.0,,,
2019-12-17,123.56,124.04,120.52,120.64,,2496535.0,303677070.0,,,
2019-12-18,119.82,120.6,119.04,119.58,,2585260.0,309469720.0,,,
2019-12-19,120.68,120.68,118.74,119.56,,2663486.0,318422292.0,,,
2019-12-20,119.56,121.46,119.34,120.94,,5885406.0,711187607.0,,,
2019-12-23,121.18,121.36,119.82,120.76,,1436685.0,173360547.0,,,
2019-12-27,121.08,122.04,120.74,121.4,,1164464.0,141372880.0,,,
2019-12-30,120.62,121.1,120.0,120.32,,859842.0,103549008.0,,,
2020-01-02,119.72,122.52,119.42,122.0,,1707496.0,207097952.0,,,
2020-01-03,120.18,120.98,119.38,120.46,,1929766.0,231753504.0,,,
2020-01-06,119.22,119.98,118.0,119.56,,1838328.0,218953440.0,,,
2020-01-07,120.06,121.2,119.68,120.1,,1951018.0,234793424.0,,,
2020-01-08,119.4,121.46,118.38,120.82,,2044239.0,245616000.0,,,
2020-01-09,122.3,123.34,122.04,123.16,,2354193.0,289467424.0,,,
2020-01-10,123.88,124.3,123.24,123.76,,1464936.0,181308272.0,,,
2020-01-13,124.02,124.32,123.38,123.76,,1456615.0,180355728.0,,,
2020-01-14,123.96,124.22,123.12,123.6,,1727071.0,213507440.0,,,
2020-01-15,123.58,124.04,122.54,123.0,,1784830.0,219922448.0,,,
2020-01-16,123.1,123.44,121.76,122.44,,1473122.0,180400480.0,,,
2020-01-17,123.5,125.96,123.42,125.96,,3059906.0,383540640.0,,,
2020-01-20,126.0,126.14,125.24,125.66,,1121581.0,140969680.0,,,
2020-01-21,125.12,126.2,124.34,126.2,,1604873.0,201364400.0,,,
2020-01-22,126.76,126.98,125.84,126.6,,1987251.0,251452864.0,,,
2020-01-23,125.7,125.84,123.84,123.84,,2077357.0,258495696.0,,,
2020-01-24,125.5,127.0,125.48,126.9,,2038873.0,257924272.0,,,
2020-01-27,124.54,125.46,122.12,122.46,,3436180.0,423653984.0,,,
2020-01-28,121.34,122.06,117.28,119.84,,4511982.0,539643776.0,,,
2020-01-29,119.92,120.18,119.12,120.0,,2208420.0,264532400.0,,,
2020-01-30,118.4,119.16,117.82,118.18,,2959833.0,350127296.0,,,
2020-01-31,118.86,119.84,117.82,117.82,,3235383.0,383334112.0,,,
2020-02-03,118.92,120.22,118.14,120.0,,2494104.0,298097920.0,,,
2020-02-04,120.42,123.06,120.3,122.98,,2470427.0,301894432.0,,,
2020-02-05,123.98,125.18,123.92,124.6,,2730518.0,339748320.0,,,
2020-02-06,125.08,125.22,123.16,124.42,,2001144.0,248681376.0,,,
2020-02-07,123.66,124.56,123.38,124.08,,2168880.0,269162304.0,,,
2020-02-10,123.52,123.8,123.06,123.66,,1539557.0,190165072.0,,,
2020-02-11,124.54,125.82,124.0,125.36,,1896258.0,237392864.0,,,
2020-02-12,125.1,127.1,125.06,126.82,,1859593.0,235182976.0,,,
2020-02-13,126.62,126.9,124.02,126.8,,2102326.0,264922352.0,,,
2020-02-14,126.7,127.14,125.94,127.14,,1536676.0,194733952.0,,,
2020-02-17,127.5,127.8,126.74,127.4,,1038671.0,132229536.0,,,
2020-02-18,126.5,127.58,126.12,127.32,,1873726.0,238085968.0,,,
2020-02-19,127.76,129.6,127.06,129.44,,1916597.0,246668048.0,,,
2020-02-20,129.58,129.58,127.8,127.8,,2041776.0,261907584.0,,,
2020-02-21,127.24,128.36,125.36,126.16,,2835348.0,359601056.0,,,
2020-02-24,122.12,123.16,120.18,121.24,,4286988.0,520731925.1,,,
2020-02-25,122.12,122.8,118.52,119.28,,3551834.0,426578845.86,,,
2020-02-26,118.4,119.64,113.6,118.76,,5132531.0,602831107.84,,,
2020-02-27,115.76,117.14,113.28,115.54,,5574865.0,642691165.46,,,
2020-02-28,111.26,112.5,109.3,111.56,,9255786.0,1027908692.36,,,
2020-03-02,113.0,114.88,109.08,111.0,,5680000.0,633986689.9,,,
2020-03-03,110.1,115.68,110.1,112.94,,5522488.0,627013910.58,,,
2020-03-04,112.04,113.84,110.9,111.5,,4369159.0,489703514.78,,,
2020-03-05,112.0,112.3,109.1,110.24,,4206723.0,463627084.18,,,
2020-03-06,107.5,108.56,105.04,107.52,,6048024.0,645818885.26,,,
2020-03-09,100.0,102.1,97.47,98.94,,10766037.0,1078415213.62,,,
2020-03-10,100.42,104.5,99.89,100.66,,10148677.0,1036211858.43,,,
2020-03-11,101.24,102.72,100.0,100.64,,6450756.0,653155644.2,,,
2020-03-12,95.21,97.03,90.59,90.9,,13618787.0,1269368190.59,,,
2020-03-13,93.38,99.27,90.22,92.67,,10929316.0,1028330592.55,,,
2020-03-16,86.52,92.66,82.13,89.76,,13189466.0,1147758504.52,,,
2020-03-17,92.5,95.21,86.65,92.36,,9619836.0,872251187.98,,,
2020-03-18,89.39,90.14,85.66,89.07,,7020653.0,622046251.99,,,
2020-03-19,88.2,90.69,84.02,87.63,,8012428.0,699191575.67,,,
2020-03-20,91.65,94.52,89.0,91.26,,10777435.0,984163157.68,,,
2020-03-23,86.81,95.76,86.22,92.14,,6887871.0,627691980.89,,,
2020-03-24,97.1,99.32,95.1,99.32,,6617752.0,649268559.39,,,
2020-03-25,102.14,102.58,94.72,99.0,,5773778.0,566099627.67,,,
2020-03-26,96.55,103.96,96.5,103.96,,5820230.0,590165376.6,,,
2020-03-27,102.22,104.04,98.85,99.87,,4245574.0,428471817.86,,,
2020-03-30,101.02,102.18,99.2,102.18,,3078636.0,311502976.45,,,
2020-03-31,104.08,104.52,100.3,102.8,,3898272.0,399726368.42,,,
2020-04-01,99.5,100.66,97.22,98.1,,4154922.0,409241948.3,,,
2020-04-02,98.46,98.69,95.06,97.23,,4141403.0,401000666.57,,,
2020-04-03,96.55,97.84,96.2,97.35,,2925187.0,284032990.66,,,
2020-04-06,100.7,102.32,99.5,101.4,,3345981.0,337909458.6,,,
2020-04-07,104.86,105.6,102.32,103.68,,3640581.0,378835750.94,,,
2020-04-08,104.1,105.24,103.28,105.0,,2903942.0,303641746.5,,,
2020-04-09,107.5,111.26,105.96,110.0,,5230324.0,568239403.36,,,
2020-04-14,112.6,114.86,112.0,112.0,,4216307.0,476921852.4,,,
2020-04-15,111.5,111.62,106.82,108.3,,4296678.0,467518433.04,,,
2020-04-16,110.1,111.06,109.08,110.1,,2778777.0,305831292.28,,,
2020-04-17,113.02,114.28,112.16,113.06,,4543809.0,513945250.48,,,
2020-04-20,113.98,114.2,110.28,113.74,,2405989.0,271275847.22,,,
2020-04-21,110.5,111.38,105.56,106.28,,4127784.0,447179782.98,,,
2020-04-22,108.7,109.3,107.3,108.24,,2932900.0,317308496.9,,,
2020-04-23,108.26,109.32,106.12,108.12,,2889458.0,311029756.88,,,
2020-04-24,106.22,108.06,105.14,106.68,,2890515.0,309187462.26,,,
2020-04-27,109.0,109.5,107.16,107.8,,2106179.0,227264300.96,,,
2020-04-28,107.66,110.12,107.6,108.84,,3037613.0,330718891.2,,,
2020-04-29,109.0,109.9,107.18,109.8,,2539753.0,276140666.4,,,
2020-04-30,110.84,111.8,108.08,108.94,,4692164.0,515908184.62,,,
2020-05-04,106.2,107.28,105.28,106.88,,4430812.0,472097420.4,,,
2020-05-05,107.66,108.56,105.46,108.44,,3028444.0,324679543.3,,,
2020-05-06,107.9,108.4,104.84,105.3,,3919584.0,416177966.0,,,
2020-05-07,105.94,108.54,105.62,107.34,,3719688.0,399431405.7,,,
2020-05-08,108.04,108.32,106.94,107.74,,2425684.0,260832907.12,,,
2020-05-11,107.86,107.9,105.34,106.64,,2215143.0,235953392.94,,,
2020-05-12,106.08,107.54,105.76,106.86,,2297826.0,245423801.64,,,
2020-05-13,106.98,107.72,105.48,106.0,,2953879.0,314671034.14,,,
2020-05-14,104.42,105.28,101.8,103.9,,3940796.0,408304992.46,,,
2020-05-15,104.86,105.48,103.32,103.74,,3448264.0,359424619.84,,,
2020-05-18,106.22,108.24,105.78,107.36,,3136204.0,335756891.2,,,
2020-05-19,108.46,109.2,106.78,108.08,,3456418.0,372483573.16,,,
2020-05-20,107.78,110.54,107.54,110.2,,2928298.0,320552171.72,,,
2020-05-21,108.36,108.36,106.4,106.78,,2160165.0,231952803.44,,,
2020-05-22,104.86,106.78,104.56,106.38,,2466986.0,260708318.32,,,
2020-05-25,107.5,111.76,107.32,111.6,,2617792.0,289256548.22,,,
2020-05-26,113.4,113.54,110.6,110.98,,2903668.0,324633568.62,,,
2020-05-27,111.16,112.94,110.66,111.84,,3238084.0,362040538.6,,,
2020-05-28,111.9,113.26,110.86,112.6,,2724151.0,210972180.74,,,
2020-05-29,111.8,115.28,111.22,113.5,,8886659.0,1008169020.64,,,
2020-06-02,116.9,117.0,112.86,115.94,,4767770.0,550435979.48,,,
2020-06-03,117.0,119.4,116.02,119.04,,4160300.0,490233378.34,,,
2020-06-04,118.58,120.6,118.02,119.6,,3330477.0,397920164.18,,,
2020-06-05,120.2,121.38,118.12,121.14,,4454407.0,535669563.34,,,
2020-06-08,120.62,120.96,118.42,120.22,,2824410.0,338240352.08,,,
2020-06-09,120.48,121.76,119.74,120.68,,3690623.0,446124266.68,,,
2020-06-10,121.4,122.38,119.94,120.46,,2326294.0,281115855.54,,,
2020-06-11,118.56,119.86,116.38,116.38,,3438234.0,404264360.08,,,
2020-06-12,115.3,118.08,113.84,115.3,,3261941.0,378116617.64,,,
2020-06-15,112.6,115.1,111.68,114.36,,2819896.0,321014925.68,,,
2020-06-16,116.0,119.82,115.3,118.82,,3929508.0,464984986.26,,,
2020-06-17,118.48,120.74,117.54,120.24,,3340030.0,399327284.9,,,
2020-06-18,120.3,122.34,119.36,120.4,,3548641.0,428256824.02,,,
2020-06-19,121.6,124.76,120.92,123.48,,11148444.0,1376505462.3,,,
2020-06-22,121.98,125.48,121.52,124.02,,2872553.0,355759514.6,,,
2020-06-23,125.6,127.78,124.98,125.5,,3193594.0,403046245.62,,,
2020-06-24,124.14,124.58,120.1,120.1,,3178092.0,386095806.0,,,
2020-06-25,119.84,121.78,118.12,120.8,,2709382.0,325886688.32,,,
2020-06-26,122.0,125.06,121.36,122.12,,2213330.0,272312857.82,,,
2020-06-29,122.32,123.4,121.46,122.44,,2611429.0,319991618.08,,,
2020-06-30,122.72,124.46,122.18,124.32,,2438697.0,301724363.0,,,
2020-07-01,122.98,124.16,121.44,123.86,,1979534.0,244210659.7,,,
2020-07-02,125.32,127.66,124.54,127.66,,2649799.0,335830094.04,,,
2020-07-03,128.0,128.3,127.12,127.58,,1407442.0,179750223.1,,,
2020-07-06,129.68,130.8,129.0,130.72,,1962994.0,255501010.48,,,
2020-07-07,130.32,130.42,127.82,128.78,,1782075.0,229370845.26,,,
2020-07-08,127.82,129.5,127.66,128.78,,1659263.0,213410730.06,,,
2020-07-09,137.5,139.72,133.98,134.68,,4127715.0,565150433.06,,,
2020-07-10,134.52,135.56,133.6,135.04,,2106071.0,283844006.92,,,
2020-07-13,137.08,138.16,135.76,137.52,,2162648.0,296590685.94,,,
2020-07-14,134.04,134.52,131.18,133.94,,2563924.0,341123004.66,,,
2020-07-15,135.66,137.78,134.84,137.34,,2797576.0,382051101.42,,,
2020-07-16,136.08,137.02,135.36,135.46,,2111962.0,287012325.12,,,
2020-07-17,136.2,136.58,135.22,135.9,,2284279.0,310214683.9,,,
2020-07-20,136.78,139.4,135.8,139.24,,1720263.0,237938071.72,,,
2020-07-21,141.28,143.2,141.06,141.86,,2029889.0,288550729.64,,,
2020-07-22,141.52,142.76,140.64,142.24,,1497826.0,212758733.9,,,
2020-07-23,142.8,142.82,141.08,141.26,,2013707.0,284833375.6,,,
2020-07-24,136.84,137.18,134.94,135.64,,2911843.0,395720135.34,,,
2020-07-27,141.0,141.06,138.1,139.3,,2146435.0,299363757.08,,,
2020-07-28,140.6,140.72,137.0,137.76,,1923632.0,265885756.08,,,
2020-07-29,137.06,140.06,137.0,139.56,,1576655.0,219660136.12,,,
2020-07-30,139.5,139.5,132.6,133.52,,2662433.0,358424823.04,,,
2020-07-31,134.0,136.3,133.62,133.78,,2530930.0,340425629.64,,,
2020-08-03,134.54,138.16,134.3,137.54,,2374262.0,325338967.68,,,
2020-08-04,138.5,138.5,133.76,135.32,,2028269.0,274615824.48,,,
2020-08-05,136.2,137.16,135.9,136.0,,1568042.0,213901262.4,,,
2020-08-06,135.86,137.84,134.92,135.24,,1582722.0,214787007.36,,,
2020-08-07,135.46,137.48,134.9,137.22,,1527331.0,208620572.4,,,
2020-08-10,136.52,136.92,134.2,134.94,,1492682.0,201825096.2,,,
2020-08-11,135.62,138.12,134.56,137.1,,2024722.0,277485841.2,,,
2020-08-12,136.66,138.14,135.06,138.08,,1550526.0,212539546.14,,,
2020-08-13,137.48,137.84,135.84,137.12,,1432603.0,196009211.52,,,
2020-08-14,136.54,137.18,135.06,135.24,,1258424.0,170528718.9,,,
2020-08-17,135.0,136.38,135.0,135.66,,951666.0,129189508.86,,,
2020-08-18,135.28,137.42,134.68,135.32,,1577919.0,214164783.7,,,
2020-08-19,135.04,137.42,134.8,136.84,,1248577.0,170618415.9,,,
2020-08-20,135.5,136.88,134.78,136.54,,1533941.0,208942226.38,,,
2020-08-21,137.5,138.0,134.7,135.8,,2025280.0,276052508.1,,,
2020-08-24,137.0,139.32,137.0,138.6,,1425467.0,197449409.22,,,
2020-08-25,139.22,140.52,138.86,139.26,,1458054.0,203568408.14,,,
2020-08-26,139.88,142.26,139.24,142.26,,1442643.0,204002837.3,,,
2020-08-27,142.74,142.88,140.08,140.36,,1504126.0,212323198.2,,,
2020-08-28,140.38,140.74,138.8,139.76,,1449213.0,202381252.38,,,
2020-08-31,140.48,140.48,137.8,139.16,,2032.0,282958.0,,,
2020-09-01,139.2,140.38,137.82,138.84,,2590.0,359423.46,,,
2020-09-02,139.5,142.34,139.5,142.34,,5652.0,796869.74,,,
2020-09-03,142.04,143.24,136.42,136.78,,11164.0,1579834.38,,,
2020-09-04,137.5,137.5,130.78,133.94,,8592.0,1158004.02,,,
2020-09-07,134.8,137.54,133.44,137.54,,2858.0,387275.14,,,
2020-09-08,137.24,137.28,132.0,134.0,,4586.0,613673.96,,,
2020-09-09,132.98,138.54,132.64,137.8,,4747.0,645486.52,,,
2020-09-10,138.36,138.36,135.64,136.06,,2325.0,318042.66,,,
2020-09-11,136.04,136.68,134.4,134.4,,586.0,79360.64,,,
2020-09-14,136.38,136.96,135.32,135.88,,1912.0,259676.72,,,
2020-09-15,135.66,136.04,135.0,135.68,,3306.0,448280.28,,,
2020-09-16,135.84,137.5,135.22,135.58,,917.0,125072.68,,,
2020-09-17,134.76,135.94,133.24,135.24,,1583.0,213608.0,,,
2020-09-18,135.52,138.0,134.9,134.9,,1512.0,206525.02,,,
2020-09-21,134.96,135.16,130.56,132.0,,3755.0,498455.66,,,
2020-09-22,131.48,133.56,131.48,133.56,,3891.0,516942.92,,,
2020-09-23,134.12,134.5,132.0,132.0,,7102.0,949076.48,,,
2020-09-24,130.46,132.18,129.5,131.84,,2034.0,265586.46,,,
2020-09-25,132.08,132.08,127.5,129.68,,3786.0,489823.08,,,
2020-09-28,131.88,134.9,130.62,134.66,,7491.0,1002428.34,,,
2020-09-29,134.9,134.9,133.32,134.04,,1476.0,197488.72,,,
2020-09-30,132.98,133.72,132.18,133.56,,1169.0,155760.0,,,
2020-10-01,133.4,134.08,132.74,133.72,,2592.0,346294.64,,,
2020-10-02,131.72,133.26,131.72,132.74,,1015.0,134471.54,,,
2020-10-05,133.56,133.56,131.66,132.66,,1511.0,199732.52,,,
2020-10-06,133.18,133.18,130.8,132.12,,3439.0,452427.74,,,
2020-10-07,131.24,131.72,129.5,130.78,,1485.0,194216.12,,,
2020-10-08,130.8,132.76,130.8,132.76,,1425.0,187403.42,,,
2020-10-09,132.86,133.0,131.16,133.0,,1658.0,218771.94,,,
2020-10-12,133.4,135.0,132.8,135.0,,3218.0,430268.96,,,
2020-10-13,134.3,134.88,132.96,133.6,,1677.0,224346.92,,,
2020-10-14,133.5,135.3,133.22,133.84,,668.0,89894.58,,,
2020-10-15,132.58,132.62,129.78,130.76,,17032.0,2219398.58,,,
2020-10-16,130.76,133.7,130.6,132.64,,3375.0,443751.02,,,
2020-10-19,132.88,134.04,130.88,130.88,,3197.0,424537.46,,,
2020-10-20,130.6,131.0,127.76,128.54,,3583.0,461255.14,,,
2020-10-21,127.92,127.92,124.8,125.7,,8293.0,1040352.7,,,
2020-10-22,124.02,125.7,122.74,125.7,,5632.0,697470.08,,,
2020-10-23,124.72,125.48,124.2,125.48,,4085.0,510275.14,,,
2020-10-26,108.2,110.6,96.51,97.06,,222446.0,22215203.11,,,
2020-10-27,100.9,102.4,96.53,97.0,,200216.0,19979116.78,,,
2020-10-28,97.6,97.6,91.8,92.54,,96539.0,9124515.53,,,
2020-10-29,93.44,94.33,90.81,94.14,,69686.0,6450619.67,,,
2020-10-30,93.0,93.75,90.79,91.5,,153101.0,14126085.66,,,
2020-11-02,92.6,93.0,90.05,90.3,,46003.0,4212390.27,,,
2020-11-03,91.2,94.48,90.66,93.86,,40736.0,3771916.5,,,
2020-11-04,93.4,97.15,92.62,96.93,,38964.0,3702018.32,,,
2020-11-05,98.0,99.8,96.88,97.9,,78567.0,7751553.98,,,
2020-11-06,98.1,98.81,96.01,97.38,,26478.0,2578996.5,,,
2020-11-09,100.28,103.12,98.5,98.9,,50074.0,5015262.95,,,
2020-11-10,99.59,101.06,98.46,99.8,,30203.0,3013187.81,,,
2020-11-11,99.7,101.84,99.7,101.72,,32194.0,3252037.21,,,
2020-11-12,101.28,102.12,99.7,100.04,,25259.0,2544536.19,,,
2020-11-13,100.78,102.5,100.0,102.0,,17766.0,1802557.74,,,
2020-11-16,103.28,103.28,100.38,100.78,,25539.0,2596339.78,,,
2020-11-17,100.68,100.86,98.3,98.74,,19138.0,1899339.92,,,
2020-11-18,98.59,100.84,98.42,100.3,,14227.0,1419925.34,,,
2020-11-19,99.96,100.1,99.07,99.91,,7286.0,726296.54,,,
2020-11-20,99.68,99.79,98.6,99.0,,11275.0,1117680.83,,,
2020-11-23,100.0,100.0,98.54,99.0,,25319.0,2514829.91,,,
2020-11-24,99.8,99.8,97.5,98.3,,22145.0,2179921.67,,,
2020-11-25,97.7,99.2,97.5,99.04,,14786.0,1451599.95,,,
2020-11-26,99.2,100.52,98.81,99.74,,15074.0,1505214.48,,,
2020-11-27,99.81,100.74,99.6,100.1,,10634.0,1066602.61,,,
2020-11-30,99.9,101.74,99.9,101.7,,12624.0,1273371.98,,,
2020-12-01,102.9,102.9,101.76,101.9,,15426.0,1577983.62,,,
